"cell","embed_path","bucket_id","bucket","orientation","C","seed","n_train","n_test","AUROC","AUPRC","fit_seconds"
"a0b1","flipped_gari_vep2x2_2k_seed2222_ropefix_zeroresid_a0b1_131k_fixed5k","0","0 - 30k","original_order","0.1","1","5000","5852","0.6892827096925763","0.7419382356065483","2.932795524597168"
"a0b1","flipped_gari_vep2x2_2k_seed2222_ropefix_zeroresid_a0b1_131k_fixed5k","0","0 - 30k","sequence_reversed","0.1","1","5000","5852","0.6870320673143","0.7407970231290968","2.932795524597168"
"a0b1","flipped_gari_vep2x2_2k_seed2222_ropefix_zeroresid_a0b1_131k_fixed5k","0","0 - 30k","original_order","0.1","2","5000","5852","0.6892827096925763","0.7419382356065483","2.8976826667785645"
"a0b1","flipped_gari_vep2x2_2k_seed2222_ropefix_zeroresid_a0b1_131k_fixed5k","0","0 - 30k","sequence_reversed","0.1","2","5000","5852","0.6870320673143","0.7407970231290968","2.8976826667785645"
"a0b1","flipped_gari_vep2x2_2k_seed2222_ropefix_zeroresid_a0b1_131k_fixed5k","0","0 - 30k","original_order","0.3","1","5000","5852","0.6805728544708245","0.7323305093776797","2.8145666122436523"
"a0b1","flipped_gari_vep2x2_2k_seed2222_ropefix_zeroresid_a0b1_131k_fixed5k","0","0 - 30k","sequence_reversed","0.3","1","5000","5852","0.6834916748821652","0.7299866963495032","2.8145666122436523"
"a0b1","flipped_gari_vep2x2_2k_seed2222_ropefix_zeroresid_a0b1_131k_fixed5k","0","0 - 30k","original_order","0.3","2","5000","5852","0.6805728544708245","0.7323305093776797","2.7936935424804688"
"a0b1","flipped_gari_vep2x2_2k_seed2222_ropefix_zeroresid_a0b1_131k_fixed5k","0","0 - 30k","sequence_reversed","0.3","2","5000","5852","0.6834916748821652","0.7299866963495032","2.7936935424804688"
"a0b1","flipped_gari_vep2x2_2k_seed2222_ropefix_zeroresid_a0b1_131k_fixed5k","0","0 - 30k","original_order","1.0","1","5000","5852","0.682022158780977","0.7270108410948286","2.8007781505584717"
"a0b1","flipped_gari_vep2x2_2k_seed2222_ropefix_zeroresid_a0b1_131k_fixed5k","0","0 - 30k","sequence_reversed","1.0","1","5000","5852","0.6778188196028692","0.715892540453029","2.8007781505584717"
"a0b1","flipped_gari_vep2x2_2k_seed2222_ropefix_zeroresid_a0b1_131k_fixed5k","0","0 - 30k","original_order","1.0","2","5000","5852","0.682022158780977","0.7270108410948286","2.7741568088531494"
"a0b1","flipped_gari_vep2x2_2k_seed2222_ropefix_zeroresid_a0b1_131k_fixed5k","0","0 - 30k","sequence_reversed","1.0","2","5000","5852","0.6778188196028692","0.715892540453029","2.7741568088531494"
"a0b1","flipped_gari_vep2x2_2k_seed2222_ropefix_zeroresid_a0b1_131k_fixed5k","0","0 - 30k","original_order","3.0","1","5000","5852","0.6865632726551587","0.7298856037889727","2.845663070678711"
"a0b1","flipped_gari_vep2x2_2k_seed2222_ropefix_zeroresid_a0b1_131k_fixed5k","0","0 - 30k","sequence_reversed","3.0","1","5000","5852","0.6692718476382877","0.7026235306341506","2.845663070678711"
"a0b1","flipped_gari_vep2x2_2k_seed2222_ropefix_zeroresid_a0b1_131k_fixed5k","0","0 - 30k","original_order","3.0","2","5000","5852","0.6865632726551587","0.7298856037889727","2.8211774826049805"
"a0b1","flipped_gari_vep2x2_2k_seed2222_ropefix_zeroresid_a0b1_131k_fixed5k","0","0 - 30k","sequence_reversed","3.0","2","5000","5852","0.6692718476382877","0.7026235306341506","2.8211774826049805"
"a0b1","flipped_gari_vep2x2_2k_seed2222_ropefix_zeroresid_a0b1_131k_fixed5k","0","0 - 30k","original_order","5.0","1","5000","5852","0.6893661725002651","0.7329698236015814","2.8467955589294434"
"a0b1","flipped_gari_vep2x2_2k_seed2222_ropefix_zeroresid_a0b1_131k_fixed5k","0","0 - 30k","sequence_reversed","5.0","1","5000","5852","0.6628663743803898","0.6937986389008388","2.8467955589294434"
"a0b1","flipped_gari_vep2x2_2k_seed2222_ropefix_zeroresid_a0b1_131k_fixed5k","0","0 - 30k","original_order","5.0","2","5000","5852","0.6893661725002651","0.7329698236015814","2.872424602508545"
"a0b1","flipped_gari_vep2x2_2k_seed2222_ropefix_zeroresid_a0b1_131k_fixed5k","0","0 - 30k","sequence_reversed","5.0","2","5000","5852","0.6628663743803898","0.6937986389008388","2.872424602508545"
"a0b1","flipped_gari_vep2x2_2k_seed2222_ropefix_zeroresid_a0b1_131k_fixed5k","0","0 - 30k","original_order","10.0","1","5000","5852","0.6897712405711995","0.7348556580901213","2.9219093322753906"
"a0b1","flipped_gari_vep2x2_2k_seed2222_ropefix_zeroresid_a0b1_131k_fixed5k","0","0 - 30k","sequence_reversed","10.0","1","5000","5852","0.6508263293532751","0.6789661048914095","2.9219093322753906"
"a0b1","flipped_gari_vep2x2_2k_seed2222_ropefix_zeroresid_a0b1_131k_fixed5k","0","0 - 30k","original_order","10.0","2","5000","5852","0.6897712405711995","0.7348556580901213","2.929028272628784"
"a0b1","flipped_gari_vep2x2_2k_seed2222_ropefix_zeroresid_a0b1_131k_fixed5k","0","0 - 30k","sequence_reversed","10.0","2","5000","5852","0.6508263293532751","0.6789661048914095","2.929028272628784"
"a0b1","flipped_gari_vep2x2_2k_seed2222_ropefix_zeroresid_a0b1_131k_fixed5k","0","0 - 30k","original_order","30.0","1","5000","5852","0.6911532515064918","0.7339266276487371","3.237999677658081"
"a0b1","flipped_gari_vep2x2_2k_seed2222_ropefix_zeroresid_a0b1_131k_fixed5k","0","0 - 30k","sequence_reversed","30.0","1","5000","5852","0.6311519341732879","0.6554962664270001","3.237999677658081"
"a0b1","flipped_gari_vep2x2_2k_seed2222_ropefix_zeroresid_a0b1_131k_fixed5k","0","0 - 30k","original_order","30.0","2","5000","5852","0.6911532515064918","0.7339266276487371","3.2198736667633057"
"a0b1","flipped_gari_vep2x2_2k_seed2222_ropefix_zeroresid_a0b1_131k_fixed5k","0","0 - 30k","sequence_reversed","30.0","2","5000","5852","0.6311519341732879","0.6554962664270001","3.2198736667633057"
"a0b1","flipped_gari_vep2x2_2k_seed2222_ropefix_zeroresid_a0b1_131k_fixed5k","0","0 - 30k","original_order","100.0","1","5000","5852","0.680403313211901","0.7229410877842","3.883146286010742"
"a0b1","flipped_gari_vep2x2_2k_seed2222_ropefix_zeroresid_a0b1_131k_fixed5k","0","0 - 30k","sequence_reversed","100.0","1","5000","5852","0.6114499558431812","0.6426684021358965","3.883146286010742"
"a0b1","flipped_gari_vep2x2_2k_seed2222_ropefix_zeroresid_a0b1_131k_fixed5k","0","0 - 30k","original_order","100.0","2","5000","5852","0.680403313211901","0.7229410877842","3.9163694381713867"
"a0b1","flipped_gari_vep2x2_2k_seed2222_ropefix_zeroresid_a0b1_131k_fixed5k","0","0 - 30k","sequence_reversed","100.0","2","5000","5852","0.6114499558431812","0.6426684021358965","3.9163694381713867"
"a0b1","flipped_gari_vep2x2_2k_seed2222_ropefix_zeroresid_a0b1_131k_fixed5k","1","30 - 100k","original_order","0.1","1","5000","1405","0.6507535771065183","0.5722331757532496","2.6236743927001953"
"a0b1","flipped_gari_vep2x2_2k_seed2222_ropefix_zeroresid_a0b1_131k_fixed5k","1","30 - 100k","sequence_reversed","0.1","1","5000","1405","0.657661897191309","0.5753046812962921","2.6236743927001953"
"a0b1","flipped_gari_vep2x2_2k_seed2222_ropefix_zeroresid_a0b1_131k_fixed5k","1","30 - 100k","original_order","0.1","2","5000","1405","0.6507535771065183","0.5722331757532496","2.6171958446502686"
"a0b1","flipped_gari_vep2x2_2k_seed2222_ropefix_zeroresid_a0b1_131k_fixed5k","1","30 - 100k","sequence_reversed","0.1","2","5000","1405","0.657661897191309","0.5753046812962921","2.6171958446502686"
"a0b1","flipped_gari_vep2x2_2k_seed2222_ropefix_zeroresid_a0b1_131k_fixed5k","1","30 - 100k","original_order","0.3","1","5000","1405","0.6559533651298357","0.574692733926358","2.5971927642822266"
"a0b1","flipped_gari_vep2x2_2k_seed2222_ropefix_zeroresid_a0b1_131k_fixed5k","1","30 - 100k","sequence_reversed","0.3","1","5000","1405","0.6638812930577637","0.5801581571598263","2.5971927642822266"
"a0b1","flipped_gari_vep2x2_2k_seed2222_ropefix_zeroresid_a0b1_131k_fixed5k","1","30 - 100k","original_order","0.3","2","5000","1405","0.6559533651298357","0.574692733926358","2.5931529998779297"
"a0b1","flipped_gari_vep2x2_2k_seed2222_ropefix_zeroresid_a0b1_131k_fixed5k","1","30 - 100k","sequence_reversed","0.3","2","5000","1405","0.6638812930577637","0.5801581571598263","2.5931529998779297"
"a0b1","flipped_gari_vep2x2_2k_seed2222_ropefix_zeroresid_a0b1_131k_fixed5k","1","30 - 100k","original_order","1.0","1","5000","1405","0.6505818759936407","0.5646264501234513","2.5914998054504395"
"a0b1","flipped_gari_vep2x2_2k_seed2222_ropefix_zeroresid_a0b1_131k_fixed5k","1","30 - 100k","sequence_reversed","1.0","1","5000","1405","0.6698950715421305","0.5863825740648678","2.5914998054504395"
"a0b1","flipped_gari_vep2x2_2k_seed2222_ropefix_zeroresid_a0b1_131k_fixed5k","1","30 - 100k","original_order","1.0","2","5000","1405","0.6505818759936407","0.5646264501234513","2.605985403060913"
"a0b1","flipped_gari_vep2x2_2k_seed2222_ropefix_zeroresid_a0b1_131k_fixed5k","1","30 - 100k","sequence_reversed","1.0","2","5000","1405","0.6698950715421305","0.5863825740648678","2.605985403060913"
"a0b1","flipped_gari_vep2x2_2k_seed2222_ropefix_zeroresid_a0b1_131k_fixed5k","1","30 - 100k","original_order","3.0","1","5000","1405","0.6425055643879174","0.5686241707054989","2.610668897628784"
"a0b1","flipped_gari_vep2x2_2k_seed2222_ropefix_zeroresid_a0b1_131k_fixed5k","1","30 - 100k","sequence_reversed","3.0","1","5000","1405","0.6536640169581347","0.5840378649714492","2.610668897628784"
"a0b1","flipped_gari_vep2x2_2k_seed2222_ropefix_zeroresid_a0b1_131k_fixed5k","1","30 - 100k","original_order","3.0","2","5000","1405","0.6425055643879174","0.5686241707054989","2.591005563735962"
"a0b1","flipped_gari_vep2x2_2k_seed2222_ropefix_zeroresid_a0b1_131k_fixed5k","1","30 - 100k","sequence_reversed","3.0","2","5000","1405","0.6536640169581347","0.5840378649714492","2.591005563735962"
"a0b1","flipped_gari_vep2x2_2k_seed2222_ropefix_zeroresid_a0b1_131k_fixed5k","1","30 - 100k","original_order","5.0","1","5000","1405","0.6442607313195549","0.5729693382757821","2.622603416442871"
"a0b1","flipped_gari_vep2x2_2k_seed2222_ropefix_zeroresid_a0b1_131k_fixed5k","1","30 - 100k","sequence_reversed","5.0","1","5000","1405","0.6529772125066242","0.5856546603369601","2.622603416442871"
"a0b1","flipped_gari_vep2x2_2k_seed2222_ropefix_zeroresid_a0b1_131k_fixed5k","1","30 - 100k","original_order","5.0","2","5000","1405","0.6442607313195549","0.5729693382757821","2.6317827701568604"
"a0b1","flipped_gari_vep2x2_2k_seed2222_ropefix_zeroresid_a0b1_131k_fixed5k","1","30 - 100k","sequence_reversed","5.0","2","5000","1405","0.6529772125066242","0.5856546603369601","2.6317827701568604"
"a0b1","flipped_gari_vep2x2_2k_seed2222_ropefix_zeroresid_a0b1_131k_fixed5k","1","30 - 100k","original_order","10.0","1","5000","1405","0.6461791202967673","0.56842382948445","2.6769216060638428"
"a0b1","flipped_gari_vep2x2_2k_seed2222_ropefix_zeroresid_a0b1_131k_fixed5k","1","30 - 100k","sequence_reversed","10.0","1","5000","1405","0.65479173290938","0.5770190982177842","2.6769216060638428"
"a0b1","flipped_gari_vep2x2_2k_seed2222_ropefix_zeroresid_a0b1_131k_fixed5k","1","30 - 100k","original_order","10.0","2","5000","1405","0.6461791202967673","0.56842382948445","2.6642990112304688"
"a0b1","flipped_gari_vep2x2_2k_seed2222_ropefix_zeroresid_a0b1_131k_fixed5k","1","30 - 100k","sequence_reversed","10.0","2","5000","1405","0.65479173290938","0.5770190982177842","2.6642990112304688"
"a0b1","flipped_gari_vep2x2_2k_seed2222_ropefix_zeroresid_a0b1_131k_fixed5k","1","30 - 100k","original_order","30.0","1","5000","1405","0.6345288818229995","0.5372682677531109","2.9084439277648926"
"a0b1","flipped_gari_vep2x2_2k_seed2222_ropefix_zeroresid_a0b1_131k_fixed5k","1","30 - 100k","sequence_reversed","30.0","1","5000","1405","0.6325596184419714","0.53313754085728","2.9084439277648926"
"a0b1","flipped_gari_vep2x2_2k_seed2222_ropefix_zeroresid_a0b1_131k_fixed5k","1","30 - 100k","original_order","30.0","2","5000","1405","0.6345288818229995","0.5372682677531109","2.9040565490722656"
"a0b1","flipped_gari_vep2x2_2k_seed2222_ropefix_zeroresid_a0b1_131k_fixed5k","1","30 - 100k","sequence_reversed","30.0","2","5000","1405","0.6325596184419714","0.53313754085728","2.9040565490722656"
"a0b1","flipped_gari_vep2x2_2k_seed2222_ropefix_zeroresid_a0b1_131k_fixed5k","1","30 - 100k","original_order","100.0","1","5000","1405","0.5706836248012719","0.4764618967861236","3.6730151176452637"
"a0b1","flipped_gari_vep2x2_2k_seed2222_ropefix_zeroresid_a0b1_131k_fixed5k","1","30 - 100k","sequence_reversed","100.0","1","5000","1405","0.5595802861685214","0.46635613761228134","3.6730151176452637"
"a0b1","flipped_gari_vep2x2_2k_seed2222_ropefix_zeroresid_a0b1_131k_fixed5k","1","30 - 100k","original_order","100.0","2","5000","1405","0.5706836248012719","0.4764618967861236","3.682392120361328"
"a0b1","flipped_gari_vep2x2_2k_seed2222_ropefix_zeroresid_a0b1_131k_fixed5k","1","30 - 100k","sequence_reversed","100.0","2","5000","1405","0.5595802861685214","0.46635613761228134","3.682392120361328"
"a0b1","flipped_gari_vep2x2_2k_seed2222_ropefix_zeroresid_a0b1_131k_fixed5k","2","100k+","original_order","0.1","1","5000","1315","0.6042734797240692","0.5108014931470303","2.9577412605285645"
"a0b1","flipped_gari_vep2x2_2k_seed2222_ropefix_zeroresid_a0b1_131k_fixed5k","2","100k+","sequence_reversed","0.1","1","5000","1315","0.6082300507915536","0.5068697779352511","2.9577412605285645"
"a0b1","flipped_gari_vep2x2_2k_seed2222_ropefix_zeroresid_a0b1_131k_fixed5k","2","100k+","original_order","0.1","2","5000","1315","0.6042734797240692","0.5108014931470303","2.943161964416504"
"a0b1","flipped_gari_vep2x2_2k_seed2222_ropefix_zeroresid_a0b1_131k_fixed5k","2","100k+","sequence_reversed","0.1","2","5000","1315","0.6082300507915536","0.5068697779352511","2.943161964416504"
"a0b1","flipped_gari_vep2x2_2k_seed2222_ropefix_zeroresid_a0b1_131k_fixed5k","2","100k+","original_order","0.3","1","5000","1315","0.6085053113316388","0.5131802551568742","2.869927406311035"
"a0b1","flipped_gari_vep2x2_2k_seed2222_ropefix_zeroresid_a0b1_131k_fixed5k","2","100k+","sequence_reversed","0.3","1","5000","1315","0.612892724983604","0.5091811518413774","2.869927406311035"
"a0b1","flipped_gari_vep2x2_2k_seed2222_ropefix_zeroresid_a0b1_131k_fixed5k","2","100k+","original_order","0.3","2","5000","1315","0.6085053113316388","0.5131802551568742","2.8753063678741455"
"a0b1","flipped_gari_vep2x2_2k_seed2222_ropefix_zeroresid_a0b1_131k_fixed5k","2","100k+","sequence_reversed","0.3","2","5000","1315","0.612892724983604","0.5091811518413774","2.8753063678741455"
"a0b1","flipped_gari_vep2x2_2k_seed2222_ropefix_zeroresid_a0b1_131k_fixed5k","2","100k+","original_order","1.0","1","5000","1315","0.5768359878023677","0.4983916299397122","2.819336175918579"
"a0b1","flipped_gari_vep2x2_2k_seed2222_ropefix_zeroresid_a0b1_131k_fixed5k","2","100k+","sequence_reversed","1.0","1","5000","1315","0.583116715256136","0.49612651394015","2.819336175918579"
"a0b1","flipped_gari_vep2x2_2k_seed2222_ropefix_zeroresid_a0b1_131k_fixed5k","2","100k+","original_order","1.0","2","5000","1315","0.5768359878023677","0.4983916299397122","2.837695360183716"
"a0b1","flipped_gari_vep2x2_2k_seed2222_ropefix_zeroresid_a0b1_131k_fixed5k","2","100k+","sequence_reversed","1.0","2","5000","1315","0.583116715256136","0.49612651394015","2.837695360183716"
"a0b1","flipped_gari_vep2x2_2k_seed2222_ropefix_zeroresid_a0b1_131k_fixed5k","2","100k+","original_order","3.0","1","5000","1315","0.552122378442552","0.4807302714507929","2.7700963020324707"
"a0b1","flipped_gari_vep2x2_2k_seed2222_ropefix_zeroresid_a0b1_131k_fixed5k","2","100k+","sequence_reversed","3.0","1","5000","1315","0.5632333299823354","0.4840909502887504","2.7700963020324707"
"a0b1","flipped_gari_vep2x2_2k_seed2222_ropefix_zeroresid_a0b1_131k_fixed5k","2","100k+","original_order","3.0","2","5000","1315","0.552122378442552","0.4807302714507929","2.7645351886749268"
"a0b1","flipped_gari_vep2x2_2k_seed2222_ropefix_zeroresid_a0b1_131k_fixed5k","2","100k+","sequence_reversed","3.0","2","5000","1315","0.5632333299823354","0.4840909502887504","2.7645351886749268"
"a0b1","flipped_gari_vep2x2_2k_seed2222_ropefix_zeroresid_a0b1_131k_fixed5k","2","100k+","original_order","5.0","1","5000","1315","0.5369040609307156","0.4661134515987186","2.8014681339263916"
"a0b1","flipped_gari_vep2x2_2k_seed2222_ropefix_zeroresid_a0b1_131k_fixed5k","2","100k+","sequence_reversed","5.0","1","5000","1315","0.5545805747440077","0.47779958460572297","2.8014681339263916"
"a0b1","flipped_gari_vep2x2_2k_seed2222_ropefix_zeroresid_a0b1_131k_fixed5k","2","100k+","original_order","5.0","2","5000","1315","0.5369040609307156","0.4661134515987186","2.7966091632843018"
"a0b1","flipped_gari_vep2x2_2k_seed2222_ropefix_zeroresid_a0b1_131k_fixed5k","2","100k+","sequence_reversed","5.0","2","5000","1315","0.5545805747440077","0.47779958460572297","2.7966091632843018"
"a0b1","flipped_gari_vep2x2_2k_seed2222_ropefix_zeroresid_a0b1_131k_fixed5k","2","100k+","original_order","10.0","1","5000","1315","0.5215014385355181","0.4569707073051933","2.8328700065612793"
"a0b1","flipped_gari_vep2x2_2k_seed2222_ropefix_zeroresid_a0b1_131k_fixed5k","2","100k+","sequence_reversed","10.0","1","5000","1315","0.5544034505703876","0.48068125993222416","2.8328700065612793"
"a0b1","flipped_gari_vep2x2_2k_seed2222_ropefix_zeroresid_a0b1_131k_fixed5k","2","100k+","original_order","10.0","2","5000","1315","0.5215014385355181","0.4569707073051933","2.8149948120117188"
"a0b1","flipped_gari_vep2x2_2k_seed2222_ropefix_zeroresid_a0b1_131k_fixed5k","2","100k+","sequence_reversed","10.0","2","5000","1315","0.5544034505703876","0.48068125993222416","2.8149948120117188"
"a0b1","flipped_gari_vep2x2_2k_seed2222_ropefix_zeroresid_a0b1_131k_fixed5k","2","100k+","original_order","30.0","1","5000","1315","0.5136696777776182","0.4429681804136536","3.113046884536743"
"a0b1","flipped_gari_vep2x2_2k_seed2222_ropefix_zeroresid_a0b1_131k_fixed5k","2","100k+","sequence_reversed","30.0","1","5000","1315","0.5738488125499658","0.4697337905129135","3.113046884536743"
"a0b1","flipped_gari_vep2x2_2k_seed2222_ropefix_zeroresid_a0b1_131k_fixed5k","2","100k+","original_order","30.0","2","5000","1315","0.5136696777776182","0.4429681804136536","3.128080368041992"
"a0b1","flipped_gari_vep2x2_2k_seed2222_ropefix_zeroresid_a0b1_131k_fixed5k","2","100k+","sequence_reversed","30.0","2","5000","1315","0.5738488125499658","0.4697337905129135","3.128080368041992"
"a0b1","flipped_gari_vep2x2_2k_seed2222_ropefix_zeroresid_a0b1_131k_fixed5k","2","100k+","original_order","100.0","1","5000","1315","0.5130377753203794","0.4404148412538201","3.7038230895996094"
"a0b1","flipped_gari_vep2x2_2k_seed2222_ropefix_zeroresid_a0b1_131k_fixed5k","2","100k+","sequence_reversed","100.0","1","5000","1315","0.5726400597435051","0.4662239112557224","3.7038230895996094"
"a0b1","flipped_gari_vep2x2_2k_seed2222_ropefix_zeroresid_a0b1_131k_fixed5k","2","100k+","original_order","100.0","2","5000","1315","0.5130377753203794","0.4404148412538201","3.6982409954071045"
"a0b1","flipped_gari_vep2x2_2k_seed2222_ropefix_zeroresid_a0b1_131k_fixed5k","2","100k+","sequence_reversed","100.0","2","5000","1315","0.5726400597435051","0.4662239112557224","3.6982409954071045"
