"feature_mode","context","Distance to TSS","bucket_id","C","seed","AUROC","train_n","test_n","elapsed_seconds"
"1k","1k","0 - 30k","0","0.1","1","0.6598756461104508","67197","5842","8.35611891746521"
"1k","1k","0 - 30k","0","0.1","2","0.6637196155076053","67197","5842","8.139768123626709"
"1k","1k","0 - 30k","0","0.1","3","0.6643685896059145","67197","5842","8.0377676486969"
"1k","1k","0 - 30k","0","0.1","4","0.6701112765662959","67197","5842","7.953648805618286"
"1k","1k","0 - 30k","0","0.1","5","0.6625061449101053","67197","5842","8.01865816116333"
"1k","1k","0 - 30k","0","0.1","6","0.6652192122105927","67197","5842","7.972000598907471"
"1k","1k","0 - 30k","0","0.1","7","0.6631862611741908","67197","5842","8.070818185806274"
"1k","1k","0 - 30k","0","0.1","8","0.6641433160082664","67197","5842","8.144237279891968"
"1k","1k","0 - 30k","0","0.1","9","0.6682243715487084","67197","5842","8.188951015472412"
"1k","1k","0 - 30k","0","0.1","10","0.6666673825785235","67197","5842","8.24183988571167"
"1k","1k","0 - 30k","0","0.3","1","0.6598300663888929","67197","5842","8.18468713760376"
"1k","1k","0 - 30k","0","0.3","2","0.6676259885549558","67197","5842","8.063193082809448"
"1k","1k","0 - 30k","0","0.3","3","0.6659719935281567","67197","5842","8.061363458633423"
"1k","1k","0 - 30k","0","0.3","4","0.6703095841506661","67197","5842","7.889641761779785"
"1k","1k","0 - 30k","0","0.3","5","0.6624715425036869","67197","5842","7.977618932723999"
"1k","1k","0 - 30k","0","0.3","6","0.665185445034674","67197","5842","7.949966669082642"
"1k","1k","0 - 30k","0","0.3","7","0.6651170754523369","67197","5842","8.02963376045227"
"1k","1k","0 - 30k","0","0.3","8","0.661646215451287","67197","5842","8.0917227268219"
"1k","1k","0 - 30k","0","0.3","9","0.6691551762813629","67197","5842","8.142523527145386"
"1k","1k","0 - 30k","0","0.3","10","0.6652968886470698","67197","5842","8.199568510055542"
"1k","1k","0 - 30k","0","1.0","1","0.6517336998802041","67197","5842","8.183377027511597"
"1k","1k","0 - 30k","0","1.0","2","0.6695787574633811","67197","5842","8.08695387840271"
"1k","1k","0 - 30k","0","1.0","3","0.6643466349756352","67197","5842","8.047148704528809"
"1k","1k","0 - 30k","0","1.0","4","0.6582621001035687","67197","5842","7.940845012664795"
"1k","1k","0 - 30k","0","1.0","5","0.6580461333600607","67197","5842","8.031555891036987"
"1k","1k","0 - 30k","0","1.0","6","0.6635600864821524","67197","5842","7.997501373291016"
"1k","1k","0 - 30k","0","1.0","7","0.6551371448480596","67197","5842","7.9960925579071045"
"1k","1k","0 - 30k","0","1.0","8","0.6571642492709632","67197","5842","8.085174798965454"
"1k","1k","0 - 30k","0","1.0","9","0.6752219326756489","67197","5842","8.126814603805542"
"1k","1k","0 - 30k","0","1.0","10","0.6627305832772535","67197","5842","8.225823163986206"
"1k","1k","0 - 30k","0","3.0","1","0.65323747273569","67197","5842","8.142819881439209"
"1k","1k","0 - 30k","0","3.0","2","0.6574873641557252","67197","5842","8.130448341369629"
"1k","1k","0 - 30k","0","3.0","3","0.6613060380006015","67197","5842","8.113481283187866"
"1k","1k","0 - 30k","0","3.0","4","0.6567422192313016","67197","5842","7.961265802383423"
"1k","1k","0 - 30k","0","3.0","5","0.6576545295743189","67197","5842","8.130256175994873"
"1k","1k","0 - 30k","0","3.0","6","0.654695785188261","67197","5842","8.094288349151611"
"1k","1k","0 - 30k","0","3.0","7","0.6515007898894155","67197","5842","8.089248657226562"
"1k","1k","0 - 30k","0","3.0","8","0.6482475670928729","67197","5842","8.03390097618103"
"1k","1k","0 - 30k","0","3.0","9","0.66216513222892","67197","5842","8.194095134735107"
"1k","1k","0 - 30k","0","3.0","10","0.6697526047259728","67197","5842","8.209535360336304"
"1k","1k","0 - 30k","0","5.0","1","0.6505310872792008","67197","5842","8.134556770324707"
"1k","1k","0 - 30k","0","5.0","2","0.6505775022312587","67197","5842","7.707936763763428"
"1k","1k","0 - 30k","0","5.0","3","0.6537902760078846","67197","5842","7.6997175216674805"
"1k","1k","0 - 30k","0","5.0","4","0.6530948869575178","67197","5842","7.519089698791504"
"1k","1k","0 - 30k","0","5.0","5","0.6545903075080063","67197","5842","7.693535327911377"
"1k","1k","0 - 30k","0","5.0","6","0.649421423900956","67197","5842","7.603092193603516"
"1k","1k","0 - 30k","0","5.0","7","0.6539320265555573","67197","5842","7.727603912353516"
"1k","1k","0 - 30k","0","5.0","8","0.6466112312252115","67197","5842","7.620858669281006"
"1k","1k","0 - 30k","0","5.0","9","0.6435774354128186","67197","5842","7.766343593597412"
"1k","1k","0 - 30k","0","5.0","10","0.6570198737131484","67197","5842","7.78104305267334"
"1k","1k","0 - 30k","0","10.0","1","0.6393435326909217","67197","5842","7.760504722595215"
"1k","1k","0 - 30k","0","10.0","2","0.6419477813891553","67197","5842","7.7879674434661865"
"1k","1k","0 - 30k","0","10.0","3","0.6532028703292717","67197","5842","7.809979438781738"
"1k","1k","0 - 30k","0","10.0","4","0.6350067772989123","67197","5842","7.525060653686523"
"1k","1k","0 - 30k","0","10.0","5","0.631784815986789","67197","5842","7.728041648864746"
"1k","1k","0 - 30k","0","10.0","6","0.629462397922901","67197","5842","7.670506000518799"
"1k","1k","0 - 30k","0","10.0","7","0.6314514396987443","67197","5842","7.7435996532440186"
"1k","1k","0 - 30k","0","10.0","8","0.6319485211647409","67197","5842","7.705543756484985"
"1k","1k","0 - 30k","0","10.0","9","0.6354928814497692","67197","5842","7.784724235534668"
"1k","1k","0 - 30k","0","10.0","10","0.6437284928146314","67197","5842","7.74341893196106"
"1k","1k","0 - 30k","0","30.0","1","0.6045564210134449","67197","5842","8.743696928024292"
"1k","1k","0 - 30k","0","30.0","2","0.623207356710242","67197","5842","8.763404846191406"
"1k","1k","0 - 30k","0","30.0","3","0.6293138462125876","67197","5842","8.760305166244507"
"1k","1k","0 - 30k","0","30.0","4","0.6083303503672627","67197","5842","9.097110033035278"
"1k","1k","0 - 30k","0","30.0","5","0.6066307756189058","67197","5842","8.68478012084961"
"1k","1k","0 - 30k","0","30.0","6","0.6050265364661637","67197","5842","8.679253578186035"
"1k","1k","0 - 30k","0","30.0","7","0.6124325253074842","67197","5842","8.71279525756836"
"1k","1k","0 - 30k","0","30.0","8","0.6221998300902526","67197","5842","8.674122095108032"
"1k","1k","0 - 30k","0","30.0","9","0.6167170191339377","67197","5842","8.793527364730835"
"1k","1k","0 - 30k","0","30.0","10","0.6188774024808733","67197","5842","8.748979330062866"
"1k","1k","0 - 30k","0","100.0","1","0.5762656128444134","67197","5842","9.354870557785034"
"1k","1k","0 - 30k","0","100.0","2","0.6137143654873212","67197","5842","9.313069105148315"
"1k","1k","0 - 30k","0","100.0","3","0.6144072488461887","67197","5842","9.279169082641602"
"1k","1k","0 - 30k","0","100.0","4","0.5795500971253752","67197","5842","9.206890106201172"
"1k","1k","0 - 30k","0","100.0","5","0.5869148017162794","67197","5842","9.31152868270874"
"1k","1k","0 - 30k","0","100.0","6","0.6007302300940708","67197","5842","9.272322177886963"
"1k","1k","0 - 30k","0","100.0","7","0.5891840036654687","67197","5842","9.357154130935669"
"1k","1k","0 - 30k","0","100.0","8","0.6041792547834844","67197","5842","9.199109554290771"
"1k","1k","0 - 30k","0","100.0","9","0.5946052462020875","67197","5842","9.32166337966919"
"1k","1k","0 - 30k","0","100.0","10","0.5952575612223957","67197","5842","9.366068840026855"
"1k","1k","30 - 100k","1","0.1","1","0.5362817854414493","15255","1383","4.028105020523071"
"1k","1k","30 - 100k","1","0.1","2","0.5241722143402816","15255","1383","4.00223445892334"
"1k","1k","30 - 100k","1","0.1","3","0.5487176688857361","15255","1383","3.9876503944396973"
"1k","1k","30 - 100k","1","0.1","4","0.5244636036232675","15255","1383","3.9904227256774902"
"1k","1k","30 - 100k","1","0.1","5","0.5647549929062534","15255","1383","4.016563177108765"
"1k","1k","30 - 100k","1","0.1","6","0.5456815453454109","15255","1383","3.9896252155303955"
"1k","1k","30 - 100k","1","0.1","7","0.52477245443632","15255","1383","3.966724157333374"
"1k","1k","30 - 100k","1","0.1","8","0.5469169485976209","15255","1383","4.074337959289551"
"1k","1k","30 - 100k","1","0.1","9","0.5489741351085888","15255","1383","4.052016019821167"
"1k","1k","30 - 100k","1","0.1","10","0.5474997271635927","15255","1383","4.04827880859375"
"1k","1k","30 - 100k","1","0.3","1","0.5547899159663865","15255","1383","3.939561367034912"
"1k","1k","30 - 100k","1","0.3","2","0.5938982865873622","15255","1383","3.9618020057678223"
"1k","1k","30 - 100k","1","0.3","3","0.5514973262032086","15255","1383","3.953423261642456"
"1k","1k","30 - 100k","1","0.3","4","0.5523889555822328","15255","1383","3.9335989952087402"
"1k","1k","30 - 100k","1","0.3","5","0.5829891956782712","15255","1383","3.9868171215057373"
"1k","1k","30 - 100k","1","0.3","6","0.5487351304158027","15255","1383","3.9388699531555176"
"1k","1k","30 - 100k","1","0.3","7","0.5572257994106733","15255","1383","3.920551300048828"
"1k","1k","30 - 100k","1","0.3","8","0.5839332096474954","15255","1383","4.0218236446380615"
"1k","1k","30 - 100k","1","0.3","9","0.5720451817090473","15255","1383","3.967646837234497"
"1k","1k","30 - 100k","1","0.3","10","0.5881523518498308","15255","1383","4.012740612030029"
"1k","1k","30 - 100k","1","1.0","1","0.5802793844810652","15255","1383","3.9358556270599365"
"1k","1k","30 - 100k","1","1.0","2","0.5860951653388627","15255","1383","3.905625104904175"
"1k","1k","30 - 100k","1","1.0","3","0.5875870348139255","15255","1383","3.941425085067749"
"1k","1k","30 - 100k","1","1.0","4","0.5848772236167195","15255","1383","3.8820877075195312"
"1k","1k","30 - 100k","1","1.0","5","0.6197140674451599","15255","1383","3.938180685043335"
"1k","1k","30 - 100k","1","1.0","6","0.5823889555822328","15255","1383","3.9059817790985107"
"1k","1k","30 - 100k","1","1.0","7","0.5876219578740587","15255","1383","3.847123146057129"
"1k","1k","30 - 100k","1","1.0","8","0.6028200371057514","15255","1383","3.94537353515625"
"1k","1k","30 - 100k","1","1.0","9","0.6075521117537924","15255","1383","4.020782709121704"
"1k","1k","30 - 100k","1","1.0","10","0.6051860744297719","15255","1383","3.9439613819122314"
"1k","1k","30 - 100k","1","3.0","1","0.6195449088726399","15255","1383","3.9498798847198486"
"1k","1k","30 - 100k","1","3.0","2","0.62078031212485","15255","1383","3.9010608196258545"
"1k","1k","30 - 100k","1","3.0","3","0.5865087853323148","15255","1383","3.977590322494507"
"1k","1k","30 - 100k","1","3.0","4","0.584725526574266","15255","1383","3.868389368057251"
"1k","1k","30 - 100k","1","3.0","5","0.6231288879188039","15255","1383","4.022114515304565"
"1k","1k","30 - 100k","1","3.0","6","0.5988922841864017","15255","1383","3.897050380706787"
"1k","1k","30 - 100k","1","3.0","7","0.6138862817854415","15255","1383","3.867518424987793"
"1k","1k","30 - 100k","1","3.0","8","0.6287929717341482","15255","1383","3.9480128288269043"
"1k","1k","30 - 100k","1","3.0","9","0.6234028156717233","15255","1383","3.9801909923553467"
"1k","1k","30 - 100k","1","3.0","10","0.6280530393975772","15255","1383","3.9560701847076416"
"1k","1k","30 - 100k","1","5.0","1","0.610284841209211","15255","1383","3.951263427734375"
"1k","1k","30 - 100k","1","5.0","2","0.612342027720179","15255","1383","3.919282913208008"
"1k","1k","30 - 100k","1","5.0","3","0.5751740696278512","15255","1383","3.9570353031158447"
"1k","1k","30 - 100k","1","5.0","4","0.5978664192949906","15255","1383","3.851193904876709"
"1k","1k","30 - 100k","1","5.0","5","0.6234726617919896","15255","1383","3.90193247795105"
"1k","1k","30 - 100k","1","5.0","6","0.5989795918367347","15255","1383","3.8950719833374023"
"1k","1k","30 - 100k","1","5.0","7","0.5988453563243479","15255","1383","3.8873398303985596"
"1k","1k","30 - 100k","1","5.0","8","0.6358441558441559","15255","1383","3.9502477645874023"
"1k","1k","30 - 100k","1","5.0","9","0.6125635708828986","15255","1383","4.063042879104614"
"1k","1k","30 - 100k","1","5.0","10","0.6268874822656335","15255","1383","3.987344980239868"
"1k","1k","30 - 100k","1","10.0","1","0.610115682636691","15255","1383","3.9716479778289795"
"1k","1k","30 - 100k","1","10.0","2","0.6063920113499945","15255","1383","3.9053866863250732"
"1k","1k","30 - 100k","1","10.0","3","0.5656051511513697","15255","1383","3.9786181449890137"
"1k","1k","30 - 100k","1","10.0","4","0.622464258430645","15255","1383","3.948821544647217"
"1k","1k","30 - 100k","1","10.0","5","0.6262872421695951","15255","1383","3.9668493270874023"
"1k","1k","30 - 100k","1","10.0","6","0.5800982211066245","15255","1383","3.916241407394409"
"1k","1k","30 - 100k","1","10.0","7","0.5856400742115028","15255","1383","3.8859786987304688"
"1k","1k","30 - 100k","1","10.0","8","0.6371494052166322","15255","1383","4.0291266441345215"
"1k","1k","30 - 100k","1","10.0","9","0.5875401069518716","15255","1383","3.9804258346557617"
"1k","1k","30 - 100k","1","10.0","10","0.62308196005675","15255","1383","3.9452385902404785"
"1k","1k","30 - 100k","1","30.0","1","0.6006689948706755","15255","1383","4.149761438369751"
"1k","1k","30 - 100k","1","30.0","2","0.5796900578413183","15255","1383","4.0810534954071045"
"1k","1k","30 - 100k","1","30.0","3","0.5288857361126268","15255","1383","4.149339199066162"
"1k","1k","30 - 100k","1","30.0","4","0.5790374331550802","15255","1383","4.126779079437256"
"1k","1k","30 - 100k","1","30.0","5","0.6195154425406527","15255","1383","4.133884429931641"
"1k","1k","30 - 100k","1","30.0","6","0.5611819273163811","15255","1383","4.071645021438599"
"1k","1k","30 - 100k","1","30.0","7","0.5737225799410673","15255","1383","4.066461563110352"
"1k","1k","30 - 100k","1","30.0","8","0.5861060787951544","15255","1383","4.193455696105957"
"1k","1k","30 - 100k","1","30.0","9","0.570529302630143","15255","1383","4.125638008117676"
"1k","1k","30 - 100k","1","30.0","10","0.5897424424315181","15255","1383","4.127843379974365"
"1k","1k","30 - 100k","1","100.0","1","0.5532794936156281","15255","1383","5.702980995178223"
"1k","1k","30 - 100k","1","100.0","2","0.5368983957219251","15255","1383","5.579665660858154"
"1k","1k","30 - 100k","1","100.0","3","0.5075510204081632","15255","1383","5.734972715377808"
"1k","1k","30 - 100k","1","100.0","4","0.5553192185965296","15255","1383","5.691215515136719"
"1k","1k","30 - 100k","1","100.0","5","0.5863800065480739","15255","1383","5.716559648513794"
"1k","1k","30 - 100k","1","100.0","6","0.569246971515879","15255","1383","6.378958225250244"
"1k","1k","30 - 100k","1","100.0","7","0.5620440903634181","15255","1383","5.614084005355835"
"1k","1k","30 - 100k","1","100.0","8","0.5417876241405652","15255","1383","5.723702907562256"
"1k","1k","30 - 100k","1","100.0","9","0.5738622721815999","15255","1383","5.71511435508728"
"1k","1k","30 - 100k","1","100.0","10","0.5562806940958201","15255","1383","5.646461725234985"
"1k","1k","100k+","2","0.1","1","0.5795068838842148","5303","1335","4.536231279373169"
"1k","1k","100k+","2","0.1","2","0.5737986376567322","5303","1335","4.565722465515137"
"1k","1k","100k+","2","0.1","3","0.5743876206483934","5303","1335","4.556572198867798"
"1k","1k","100k+","2","0.1","4","0.5763175293443898","5303","1335","4.5331501960754395"
"1k","1k","100k+","2","0.1","5","0.5731689147348179","5303","1335","4.5486626625061035"
"1k","1k","100k+","2","0.1","6","0.5782474380403861","5303","1335","4.479206085205078"
"1k","1k","100k+","2","0.1","7","0.5761045177090657","5303","1335","4.559152364730835"
"1k","1k","100k+","2","0.1","8","0.5774140154672056","5303","1335","4.566384315490723"
"1k","1k","100k+","2","0.1","9","0.5826147585635333","5303","1335","4.572207927703857"
"1k","1k","100k+","2","0.1","10","0.5820665155021254","5303","1335","4.550177335739136"
"1k","1k","100k+","2","0.3","1","0.5270396737080786","5303","1335","4.317434072494507"
"1k","1k","100k+","2","0.3","2","0.5308680631538759","5303","1335","4.394430875778198"
"1k","1k","100k+","2","0.3","3","0.5293956056747231","5303","1335","4.372592210769653"
"1k","1k","100k+","2","0.3","4","0.5291011141788925","5303","1335","4.37669038772583"
"1k","1k","100k+","2","0.3","5","0.5260339794298272","5303","1335","4.3877341747283936"
"1k","1k","100k+","2","0.3","6","0.5353576034677828","5303","1335","4.3934080600738525"
"1k","1k","100k+","2","0.3","7","0.5294770855352297","5303","1335","4.352506637573242"
"1k","1k","100k+","2","0.3","8","0.5235150877421698","5303","1335","4.3755738735198975"
"1k","1k","100k+","2","0.3","9","0.5310310228748888","5303","1335","4.394405364990234"
"1k","1k","100k+","2","0.3","10","0.5332146831364626","5303","1335","4.34341025352478"
"1k","1k","100k+","2","1.0","1","0.5168232631985734","5303","1335","4.115773677825928"
"1k","1k","100k+","2","1.0","2","0.5187624838786276","5303","1335","4.121074199676514"
"1k","1k","100k+","2","1.0","3","0.5132579373024113","5303","1335","4.1401450634002686"
"1k","1k","100k+","2","1.0","4","0.5207738724351304","5303","1335","4.089274883270264"
"1k","1k","100k+","2","1.0","5","0.5222463299142832","5303","1335","4.160321235656738"
"1k","1k","100k+","2","1.0","6","0.5185087323130503","5303","1335","4.097282409667969"
"1k","1k","100k+","2","1.0","7","0.5254356844541083","5303","1335","4.118398427963257"
"1k","1k","100k+","2","1.0","8","0.5129634458065808","5303","1335","4.105654239654541"
"1k","1k","100k+","2","1.0","9","0.5187124319643165","5303","1335","4.116612434387207"
"1k","1k","100k+","2","1.0","10","0.5184179404684859","5303","1335","4.094635963439941"
"1k","1k","100k+","2","3.0","1","0.5224907694958026","5303","1335","3.9123358726501465"
"1k","1k","100k+","2","3.0","2","0.5202663693039757","5303","1335","3.9383676052093506"
"1k","1k","100k+","2","3.0","3","0.5427827467559375","5303","1335","3.939054250717163"
"1k","1k","100k+","2","3.0","4","0.5384561661630436","5303","1335","3.92915940284729"
"1k","1k","100k+","2","3.0","5","0.510140750639035","5303","1335","3.9465506076812744"
"1k","1k","100k+","2","3.0","6","0.525770915880192","5303","1335","3.952368974685669"
"1k","1k","100k+","2","3.0","7","0.5140913598755918","5303","1335","3.916792154312134"
"1k","1k","100k+","2","3.0","8","0.5112372367618506","5303","1335","3.9419217109680176"
"1k","1k","100k+","2","3.0","9","0.5299252247680152","5303","1335","3.9536871910095215"
"1k","1k","100k+","2","3.0","10","0.514467331231929","5303","1335","3.9030683040618896"
"1k","1k","100k+","2","5.0","1","0.5138783482402679","5303","1335","3.8470993041992188"
"1k","1k","100k+","2","5.0","2","0.5172807144154169","5303","1335","3.874722719192505"
"1k","1k","100k+","2","5.0","3","0.5145080711621822","5303","1335","3.8992016315460205"
"1k","1k","100k+","2","5.0","4","0.5079570903774613","5303","1335","3.8608694076538086"
"1k","1k","100k+","2","5.0","5","0.5045954641325654","5303","1335","3.887281894683838"
"1k","1k","100k+","2","5.0","6","0.5301789763335926","5303","1335","3.9105165004730225"
"1k","1k","100k+","2","5.0","7","0.5150970541538433","5303","1335","3.8679962158203125"
"1k","1k","100k+","2","5.0","8","0.5191291432509068","5303","1335","3.8995587825775146"
"1k","1k","100k+","2","5.0","9","0.5247151696876295","5303","1335","3.867048501968384"
"1k","1k","100k+","2","5.0","10","0.5141728397360984","5303","1335","3.8384718894958496"
"1k","1k","100k+","2","10.0","1","0.5170269628498396","5303","1335","3.9006471633911133"
"1k","1k","100k+","2","10.0","2","0.530047444558775","5303","1335","3.9218389987945557"
"1k","1k","100k+","2","10.0","3","0.5126189023964391","5303","1335","3.950866937637329"
"1k","1k","100k+","2","10.0","4","0.5221962779999721","5303","1335","3.9265859127044678"
"1k","1k","100k+","2","10.0","5","0.4977907317822672","5303","1335","3.9360804557800293"
"1k","1k","100k+","2","10.0","6","0.5268580900189499","5303","1335","3.9402761459350586"
"1k","1k","100k+","2","10.0","7","0.5185401602592455","5303","1335","3.914273500442505"
"1k","1k","100k+","2","10.0","8","0.5182049288331618","5303","1335","3.959052562713623"
"1k","1k","100k+","2","10.0","9","0.5231612323479702","5303","1335","3.8757240772247314"
"1k","1k","100k+","2","10.0","10","0.5111464449172862","5303","1335","3.89961576461792"
"1k","1k","100k+","2","30.0","1","0.5003596753842358","5303","1335","4.116345167160034"
"1k","1k","100k+","2","30.0","2","0.562078341721879","5303","1335","4.14779257774353"
"1k","1k","100k+","2","30.0","3","0.5071236678042808","5303","1335","4.159855127334595"
"1k","1k","100k+","2","30.0","4","0.5061994533865358","5303","1335","4.091690540313721"
"1k","1k","100k+","2","30.0","5","0.4898580853629579","5303","1335","4.140997886657715"
"1k","1k","100k+","2","30.0","6","0.5144359032857336","5303","1335","4.175111293792725"
"1k","1k","100k+","2","30.0","7","0.49817601512266213","5303","1335","4.1632349491119385"
"1k","1k","100k+","2","30.0","8","0.5037213016291316","5303","1335","4.19642186164856"
"1k","1k","100k+","2","30.0","9","0.5483780851767182","5303","1335","4.1009252071380615"
"1k","1k","100k+","2","30.0","10","0.5102722824138525","5303","1335","4.1266560554504395"
"1k","1k","100k+","2","100.0","1","0.5450665108461334","5303","1335","5.092133045196533"
"1k","1k","100k+","2","100.0","2","0.5470464714564409","5303","1335","5.084367036819458"
"1k","1k","100k+","2","100.0","3","0.5373468760621483","5303","1335","5.2873616218566895"
"1k","1k","100k+","2","100.0","4","0.5460407771781894","5303","1335","5.07220458984375"
"1k","1k","100k+","2","100.0","5","0.5060050657193276","5303","1335","5.04336142539978"
"1k","1k","100k+","2","100.0","6","0.5418364163760552","5303","1335","5.072678089141846"
"1k","1k","100k+","2","100.0","7","0.5344834409643491","5303","1335","5.225268125534058"
"1k","1k","100k+","2","100.0","8","0.5576295413382253","5303","1335","5.04183554649353"
"1k","1k","100k+","2","100.0","9","0.5501136062055062","5303","1335","5.202689170837402"
"1k","1k","100k+","2","100.0","10","0.5390637731228204","5303","1335","5.0804877281188965"
"16k","16k","0 - 30k","0","0.1","1","0.6558721476878433","67197","5842","7.936001300811768"
"16k","16k","0 - 30k","0","0.1","2","0.6607988144499649","67197","5842","7.847636461257935"
"16k","16k","0 - 30k","0","0.1","3","0.6553835378454872","67197","5842","7.783028841018677"
"16k","16k","0 - 30k","0","0.1","4","0.6595296220462671","67197","5842","7.627599477767944"
"16k","16k","0 - 30k","0","0.1","5","0.666333171059979","67197","5842","7.811465501785278"
"16k","16k","0 - 30k","0","0.1","6","0.6590291996582714","67197","5842","7.724383592605591"
"16k","16k","0 - 30k","0","0.1","7","0.6637449110598835","67197","5842","7.763932704925537"
"16k","16k","0 - 30k","0","0.1","8","0.6665602344372695","67197","5842","7.990115404129028"
"16k","16k","0 - 30k","0","0.1","9","0.6635710637972919","67197","5842","7.920456886291504"
"16k","16k","0 - 30k","0","0.1","10","0.6641137249848464","67197","5842","8.009373426437378"
"16k","16k","0 - 30k","0","0.3","1","0.6650959560525574","67197","5842","7.697145700454712"
"16k","16k","0 - 30k","0","0.3","2","0.6611465089751483","67197","5842","7.589766979217529"
"16k","16k","0 - 30k","0","0.3","3","0.6591009101626075","67197","5842","7.551919937133789"
"16k","16k","0 - 30k","0","0.3","4","0.6559860969917384","67197","5842","7.373248338699341"
"16k","16k","0 - 30k","0","0.3","5","0.6711324055115668","67197","5842","7.554250001907349"
"16k","16k","0 - 30k","0","0.3","6","0.6605870238589558","67197","5842","7.479814767837524"
"16k","16k","0 - 30k","0","0.3","7","0.6674521412923642","67197","5842","7.549195051193237"
"16k","16k","0 - 30k","0","0.3","8","0.6632724092343084","67197","5842","7.710661888122559"
"16k","16k","0 - 30k","0","0.3","9","0.6632689489936666","67197","5842","7.635725736618042"
"16k","16k","0 - 30k","0","0.3","10","0.667599022541678","67197","5842","7.732577562332153"
"16k","16k","0 - 30k","0","1.0","1","0.6698850484195054","67197","5842","7.5218658447265625"
"16k","16k","0 - 30k","0","1.0","2","0.6658858454680393","67197","5842","7.400681257247925"
"16k","16k","0 - 30k","0","1.0","3","0.6530012218229024","67197","5842","7.415434837341309"
"16k","16k","0 - 30k","0","1.0","4","0.6569380211241724","67197","5842","7.2382097244262695"
"16k","16k","0 - 30k","0","1.0","5","0.6661238861604692","67197","5842","7.39202094078064"
"16k","16k","0 - 30k","0","1.0","6","0.6616419199801454","67197","5842","7.314727544784546"
"16k","16k","0 - 30k","0","1.0","7","0.6650360580938609","67197","5842","7.3739941120147705"
"16k","16k","0 - 30k","0","1.0","8","0.6610563040811748","67197","5842","7.4758994579315186"
"16k","16k","0 - 30k","0","1.0","9","0.6679989786324174","67197","5842","7.451637029647827"
"16k","16k","0 - 30k","0","1.0","10","0.6616976417863433","67197","5842","7.555327415466309"
"16k","16k","0 - 30k","0","3.0","1","0.6670875035198999","67197","5842","7.449958086013794"
"16k","16k","0 - 30k","0","3.0","2","0.6543986817676342","67197","5842","7.3284525871276855"
"16k","16k","0 - 30k","0","3.0","3","0.6441267784443713","67197","5842","7.365455865859985"
"16k","16k","0 - 30k","0","3.0","4","0.6512830333662654","67197","5842","7.196991682052612"
"16k","16k","0 - 30k","0","3.0","5","0.6650335524023615","67197","5842","7.310974836349487"
"16k","16k","0 - 30k","0","3.0","6","0.6602140337814942","67197","5842","7.250940322875977"
"16k","16k","0 - 30k","0","3.0","7","0.6558215565832868","67197","5842","7.263300180435181"
"16k","16k","0 - 30k","0","3.0","8","0.6556932890422531","67197","5842","7.476603746414185"
"16k","16k","0 - 30k","0","3.0","9","0.6632267101941076","67197","5842","7.426365852355957"
"16k","16k","0 - 30k","0","3.0","10","0.6511961693942908","67197","5842","7.528284311294556"
"16k","16k","0 - 30k","0","5.0","1","0.6621388821274992","67197","5842","7.454493761062622"
"16k","16k","0 - 30k","0","5.0","2","0.6532973706943869","67197","5842","7.367306709289551"
"16k","16k","0 - 30k","0","5.0","3","0.6407241687070154","67197","5842","7.378890752792358"
"16k","16k","0 - 30k","0","5.0","4","0.6478323382158521","67197","5842","7.203126668930054"
"16k","16k","0 - 30k","0","5.0","5","0.6645702381122837","67197","5842","7.346724510192871"
"16k","16k","0 - 30k","0","5.0","6","0.6461555533282742","67197","5842","7.2749621868133545"
"16k","16k","0 - 30k","0","5.0","7","0.6609127637538599","67197","5842","7.321954965591431"
"16k","16k","0 - 30k","0","5.0","8","0.6469699030655346","67197","5842","7.435106515884399"
"16k","16k","0 - 30k","0","5.0","9","0.6615439593743885","67197","5842","7.379152536392212"
"16k","16k","0 - 30k","0","5.0","10","0.6379748285391105","67197","5842","7.467182159423828"
"16k","16k","0 - 30k","0","10.0","1","0.6487555065553662","67197","5842","7.484050273895264"
"16k","16k","0 - 30k","0","10.0","2","0.6424465333161515","67197","5842","7.455731391906738"
"16k","16k","0 - 30k","0","10.0","3","0.6313729280317675","67197","5842","7.439560651779175"
"16k","16k","0 - 30k","0","10.0","4","0.6411410680450356","67197","5842","7.230098247528076"
"16k","16k","0 - 30k","0","10.0","5","0.6481437598736177","67197","5842","7.380269527435303"
"16k","16k","0 - 30k","0","10.0","6","0.6438213227187468","67197","5842","7.311120986938477"
"16k","16k","0 - 30k","0","10.0","7","0.6574890346167246","67197","5842","7.389106750488281"
"16k","16k","0 - 30k","0","10.0","8","0.6287771509571741","67197","5842","7.484334945678711"
"16k","16k","0 - 30k","0","10.0","9","0.6575599098905609","67197","5842","7.424494028091431"
"16k","16k","0 - 30k","0","10.0","10","0.6238150465581344","67197","5842","7.4232330322265625"
"16k","16k","0 - 30k","0","30.0","1","0.6308994716570496","67197","5842","7.649474620819092"
"16k","16k","0 - 30k","0","30.0","2","0.6231491292125446","67197","5842","7.739181041717529"
"16k","16k","0 - 30k","0","30.0","3","0.616001345914291","67197","5842","7.679627895355225"
"16k","16k","0 - 30k","0","30.0","4","0.6188680956267332","67197","5842","7.522078514099121"
"16k","16k","0 - 30k","0","30.0","5","0.624442901256664","67197","5842","7.585591793060303"
"16k","16k","0 - 30k","0","30.0","6","0.6299045928131995","67197","5842","7.5235865116119385"
"16k","16k","0 - 30k","0","30.0","7","0.6374118831822762","67197","5842","7.536306381225586"
"16k","16k","0 - 30k","0","30.0","8","0.611966705325907","67197","5842","7.988641023635864"
"16k","16k","0 - 30k","0","30.0","9","0.6220765739322175","67197","5842","7.54621148109436"
"16k","16k","0 - 30k","0","30.0","10","0.6082358500021477","67197","5842","7.597790241241455"
"16k","16k","0 - 30k","0","100.0","1","0.6153059568639243","67197","5842","8.214215517044067"
"16k","16k","0 - 30k","0","100.0","2","0.5982837206416479","67197","5842","8.269176721572876"
"16k","16k","0 - 30k","0","100.0","3","0.5880109820878854","67197","5842","8.468486309051514"
"16k","16k","0 - 30k","0","100.0","4","0.6057074879607489","67197","5842","8.195692300796509"
"16k","16k","0 - 30k","0","100.0","5","0.6064712465934526","67197","5842","8.302538633346558"
"16k","16k","0 - 30k","0","100.0","6","0.5998145788290546","67197","5842","8.154831886291504"
"16k","16k","0 - 30k","0","100.0","7","0.618056251580972","67197","5842","8.301762104034424"
"16k","16k","0 - 30k","0","100.0","8","0.5827712232069988","67197","5842","8.24141263961792"
"16k","16k","0 - 30k","0","100.0","9","0.5999900965526458","67197","5842","8.226534128189087"
"16k","16k","0 - 30k","0","100.0","10","0.5801669745087652","67197","5842","8.225538730621338"
"16k","16k","30 - 100k","1","0.1","1","0.5396966059150933","15255","1383","3.878051280975342"
"16k","16k","30 - 100k","1","0.1","2","0.5618585616064607","15255","1383","3.8714258670806885"
"16k","16k","30 - 100k","1","0.1","3","0.538804976536069","15255","1383","3.8570051193237305"
"16k","16k","30 - 100k","1","0.1","4","0.5309669322274363","15255","1383","3.8496460914611816"
"16k","16k","30 - 100k","1","0.1","5","0.5348772236167194","15255","1383","3.88264799118042"
"16k","16k","30 - 100k","1","0.1","6","0.5378784240969116","15255","1383","3.9189062118530273"
"16k","16k","30 - 100k","1","0.1","7","0.5385485103132163","15255","1383","3.8916361331939697"
"16k","16k","30 - 100k","1","0.1","8","0.5597664520353596","15255","1383","3.945683002471924"
"16k","16k","30 - 100k","1","0.1","9","0.535716468405544","15255","1383","3.8548336029052734"
"16k","16k","30 - 100k","1","0.1","10","0.5591138273491215","15255","1383","3.894542694091797"
"16k","16k","30 - 100k","1","0.3","1","0.5612932445705555","15255","1383","3.7727503776550293"
"16k","16k","30 - 100k","1","0.3","2","0.5597664520353596","15255","1383","3.769110918045044"
"16k","16k","30 - 100k","1","0.3","3","0.5525810324129652","15255","1383","3.783076286315918"
"16k","16k","30 - 100k","1","0.3","4","0.5522372585397796","15255","1383","3.6980552673339844"
"16k","16k","30 - 100k","1","0.3","5","0.5616195569136746","15255","1383","3.8050756454467773"
"16k","16k","30 - 100k","1","0.3","6","0.5722372585397796","15255","1383","3.76737904548645"
"16k","16k","30 - 100k","1","0.3","7","0.5561824729891957","15255","1383","3.7251088619232178"
"16k","16k","30 - 100k","1","0.3","8","0.5762348575793954","15255","1383","3.8207216262817383"
"16k","16k","30 - 100k","1","0.3","9","0.5430765033286041","15255","1383","3.7665603160858154"
"16k","16k","30 - 100k","1","0.3","10","0.572219797009713","15255","1383","3.76706600189209"
"16k","16k","30 - 100k","1","1.0","1","0.5690145148968678","15255","1383","3.6786112785339355"
"16k","16k","30 - 100k","1","1.0","2","0.573781512605042","15255","1383","3.666173219680786"
"16k","16k","30 - 100k","1","1.0","3","0.5565960929826476","15255","1383","3.6388156414031982"
"16k","16k","30 - 100k","1","1.0","4","0.5535425079122558","15255","1383","3.609365940093994"
"16k","16k","30 - 100k","1","1.0","5","0.5761999345192623","15255","1383","3.699681282043457"
"16k","16k","30 - 100k","1","1.0","6","0.5610891629379025","15255","1383","3.67680287361145"
"16k","16k","30 - 100k","1","1.0","7","0.5553606897304376","15255","1383","3.651124954223633"
"16k","16k","30 - 100k","1","1.0","8","0.5960482374768089","15255","1383","3.743051767349243"
"16k","16k","30 - 100k","1","1.0","9","0.5546731419840664","15255","1383","3.6999142169952393"
"16k","16k","30 - 100k","1","1.0","10","0.564399214231147","15255","1383","3.676128625869751"
"16k","16k","30 - 100k","1","3.0","1","0.623734584742988","15255","1383","3.614467144012451"
"16k","16k","30 - 100k","1","3.0","2","0.5705936920222634","15255","1383","3.618541717529297"
"16k","16k","30 - 100k","1","3.0","3","0.6455003819709703","15255","1383","3.62058424949646"
"16k","16k","30 - 100k","1","3.0","4","0.547936265415257","15255","1383","3.53066349029541"
"16k","16k","30 - 100k","1","3.0","5","0.5845039834115464","15255","1383","3.6255650520324707"
"16k","16k","30 - 100k","1","3.0","6","0.5690494379570009","15255","1383","3.6262717247009277"
"16k","16k","30 - 100k","1","3.0","7","0.6021379460875259","15255","1383","3.601188898086548"
"16k","16k","30 - 100k","1","3.0","8","0.6189326639746807","15255","1383","3.653595209121704"
"16k","16k","30 - 100k","1","3.0","9","0.5456695405434902","15255","1383","3.6690430641174316"
"16k","16k","30 - 100k","1","3.0","10","0.5699410673360252","15255","1383","3.6344993114471436"
"16k","16k","30 - 100k","1","5.0","1","0.6189326639746807","15255","1383","3.5842156410217285"
"16k","16k","30 - 100k","1","5.0","2","0.5691542071374004","15255","1383","3.595013380050659"
"16k","16k","30 - 100k","1","5.0","3","0.6382800392884427","15255","1383","3.6160411834716797"
"16k","16k","30 - 100k","1","5.0","4","0.5643872094292263","15255","1383","3.500943660736084"
"16k","16k","30 - 100k","1","5.0","5","0.5839561279057077","15255","1383","3.6374757289886475"
"16k","16k","30 - 100k","1","5.0","6","0.5506635381425298","15255","1383","3.644151210784912"
"16k","16k","30 - 100k","1","5.0","7","0.5852264542180509","15255","1383","3.5982604026794434"
"16k","16k","30 - 100k","1","5.0","8","0.6059140019644221","15255","1383","3.701111078262329"
"16k","16k","30 - 100k","1","5.0","9","0.5536822001527884","15255","1383","3.6197245121002197"
"16k","16k","30 - 100k","1","5.0","10","0.5887755102040816","15255","1383","3.603421926498413"
"16k","16k","30 - 100k","1","10.0","1","0.6138742769835207","15255","1383","3.608893632888794"
"16k","16k","30 - 100k","1","10.0","2","0.5623649459783914","15255","1383","3.6257829666137695"
"16k","16k","30 - 100k","1","10.0","3","0.6114209320091673","15255","1383","3.645134449005127"
"16k","16k","30 - 100k","1","10.0","4","0.5905293026301429","15255","1383","3.525808334350586"
"16k","16k","30 - 100k","1","10.0","5","0.5849001418749318","15255","1383","3.6041805744171143"
"16k","16k","30 - 100k","1","10.0","6","0.5416773982320201","15255","1383","3.6281561851501465"
"16k","16k","30 - 100k","1","10.0","7","0.5577845683728035","15255","1383","3.6382906436920166"
"16k","16k","30 - 100k","1","10.0","8","0.5768754774637127","15255","1383","3.6539061069488525"
"16k","16k","30 - 100k","1","10.0","9","0.5325690276110444","15255","1383","3.6647932529449463"
"16k","16k","30 - 100k","1","10.0","10","0.5600283749863583","15255","1383","3.592240333557129"
"16k","16k","30 - 100k","1","30.0","1","0.5808381534431954","15255","1383","3.7667229175567627"
"16k","16k","30 - 100k","1","30.0","2","0.5633788060678816","15255","1383","3.7589786052703857"
"16k","16k","30 - 100k","1","30.0","3","0.5612168503765144","15255","1383","3.8661561012268066"
"16k","16k","30 - 100k","1","30.0","4","0.5812692349667139","15255","1383","3.7145862579345703"
"16k","16k","30 - 100k","1","30.0","5","0.5735654261704682","15255","1383","3.802236795425415"
"16k","16k","30 - 100k","1","30.0","6","0.5685070391793082","15255","1383","3.8467116355895996"
"16k","16k","30 - 100k","1","30.0","7","0.5670326312343119","15255","1383","3.8995003700256348"
"16k","16k","30 - 100k","1","30.0","8","0.5866539343009931","15255","1383","3.8190736770629883"
"16k","16k","30 - 100k","1","30.0","9","0.5480934191858562","15255","1383","3.868732213973999"
"16k","16k","30 - 100k","1","30.0","10","0.5695678271308524","15255","1383","3.7726070880889893"
"16k","16k","30 - 100k","1","100.0","1","0.5728309505620429","15255","1383","4.349335432052612"
"16k","16k","30 - 100k","1","100.0","2","0.5480814143839353","15255","1383","4.352267742156982"
"16k","16k","30 - 100k","1","100.0","3","0.5514613117974462","15255","1383","4.399411916732788"
"16k","16k","30 - 100k","1","100.0","4","0.5804998362981556","15255","1383","4.203612327575684"
"16k","16k","30 - 100k","1","100.0","5","0.5655582232893157","15255","1383","4.346019744873047"
"16k","16k","30 - 100k","1","100.0","6","0.5843577430972389","15255","1383","4.357599973678589"
"16k","16k","30 - 100k","1","100.0","7","0.5878947942813489","15255","1383","4.479825735092163"
"16k","16k","30 - 100k","1","100.0","8","0.5865895449088726","15255","1383","4.337195158004761"
"16k","16k","30 - 100k","1","100.0","9","0.5292644330459456","15255","1383","4.445394039154053"
"16k","16k","30 - 100k","1","100.0","10","0.5453192185965297","15255","1383","4.3299806118011475"
"16k","16k","100k+","2","0.1","1","0.6030475795825438","5303","1335","4.529447317123413"
"16k","16k","100k+","2","0.1","2","0.6088966695689015","5303","1335","4.548568487167358"
"16k","16k","100k+","2","0.1","3","0.6117915326128961","5303","1335","4.496201276779175"
"16k","16k","100k+","2","0.1","4","0.6138529730837101","5303","1335","4.569774389266968"
"16k","16k","100k+","2","0.1","5","0.6080946749419164","5303","1335","4.533778667449951"
"16k","16k","100k+","2","0.1","6","0.6025901283657003","5303","1335","4.492559194564819"
"16k","16k","100k+","2","0.1","7","0.6135084296735684","5303","1335","4.5062220096588135"
"16k","16k","100k+","2","0.1","8","0.6084299063680003","5303","1335","4.49741005897522"
"16k","16k","100k+","2","0.1","9","0.5998174851124655","5303","1335","4.550580978393555"
"16k","16k","100k+","2","0.1","10","0.6066629573930169","5303","1335","4.499735593795776"
"16k","16k","100k+","2","0.3","1","0.597307905408866","5303","1335","4.300102233886719"
"16k","16k","100k+","2","0.3","2","0.5927368852344526","5303","1335","4.317075729370117"
"16k","16k","100k+","2","0.3","3","0.5936610996521974","5303","1335","4.339501857757568"
"16k","16k","100k+","2","0.3","4","0.585891412953901","5303","1335","4.311269760131836"
"16k","16k","100k+","2","0.3","5","0.5989526345930896","5303","1335","4.294985771179199"
"16k","16k","100k+","2","0.3","6","0.6052906037424864","5303","1335","4.315802574157715"
"16k","16k","100k+","2","0.3","7","0.5994915656704396","5303","1335","4.347289800643921"
"16k","16k","100k+","2","0.3","8","0.6019289774975906","5303","1335","4.296683311462402"
"16k","16k","100k+","2","0.3","9","0.5994508257401863","5303","1335","4.289028644561768"
"16k","16k","100k+","2","0.3","10","0.6097394041261401","5303","1335","4.298401117324829"
"16k","16k","100k+","2","1.0","1","0.6022956368698696","5303","1335","4.0731611251831055"
"16k","16k","100k+","2","1.0","2","0.5932257643974913","5303","1335","4.083675384521484"
"16k","16k","100k+","2","1.0","3","0.5888177039440908","5303","1335","4.071225643157959"
"16k","16k","100k+","2","1.0","4","0.5847856148470274","5303","1335","4.0855793952941895"
"16k","16k","100k+","2","1.0","5","0.5944037303808136","5303","1335","4.059940338134766"
"16k","16k","100k+","2","1.0","6","0.5892751551609344","5303","1335","4.073133707046509"
"16k","16k","100k+","2","1.0","7","0.5767528645990958","5303","1335","4.056757926940918"
"16k","16k","100k+","2","1.0","8","0.5831408856628038","5303","1335","4.0660388469696045"
"16k","16k","100k+","2","1.0","9","0.6062462461064266","5303","1335","4.069850444793701"
"16k","16k","100k+","2","1.0","10","0.6007416995302104","5303","1335","4.067011833190918"
"16k","16k","100k+","2","3.0","1","0.559315010452702","5303","1335","3.8877992630004883"
"16k","16k","100k+","2","3.0","2","0.5503673577710835","5303","1335","3.871581792831421"
"16k","16k","100k+","2","3.0","3","0.5598225135838567","5303","1335","3.907458782196045"
"16k","16k","100k+","2","3.0","4","0.5645250655330879","5303","1335","3.8909969329833984"
"16k","16k","100k+","2","3.0","5","0.5815776363390865","5303","1335","3.8790392875671387"
"16k","16k","100k+","2","3.0","6","0.5703648435353879","5303","1335","3.884774684906006"
"16k","16k","100k+","2","3.0","7","0.563763810836356","5303","1335","3.9076225757598877"
"16k","16k","100k+","2","3.0","8","0.5403232189666491","5303","1335","3.897376537322998"
"16k","16k","100k+","2","3.0","9","0.5446497995595432","5303","1335","3.8947598934173584"
"16k","16k","100k+","2","3.0","10","0.5690146058469948","5303","1335","3.850209951400757"
"16k","16k","100k+","2","5.0","1","0.5922014461511242","5303","1335","3.8085567951202393"
"16k","16k","100k+","2","5.0","2","0.5410751616793232","5303","1335","3.8213279247283936"
"16k","16k","100k+","2","5.0","3","0.57976994743385","5303","1335","3.828453302383423"
"16k","16k","100k+","2","5.0","4","0.5802273986506935","5303","1335","3.8142857551574707"
"16k","16k","100k+","2","5.0","5","0.5753118350661384","5303","1335","3.817636728286743"
"16k","16k","100k+","2","5.0","6","0.5931256605688692","5303","1335","3.813176155090332"
"16k","16k","100k+","2","5.0","7","0.5797198955195388","5303","1335","3.8245327472686768"
"16k","16k","100k+","2","5.0","8","0.5479613738901279","5303","1335","3.8154170513153076"
"16k","16k","100k+","2","5.0","9","0.5787549411715407","5303","1335","3.94148588180542"
"16k","16k","100k+","2","5.0","10","0.5868191193656677","5303","1335","3.797428607940674"
"16k","16k","100k+","2","10.0","1","0.6225689901618889","5303","1335","3.8022351264953613"
"16k","16k","100k+","2","10.0","2","0.5618245901563016","5303","1335","3.799398422241211"
"16k","16k","100k+","2","10.0","3","0.6024492846068248","5303","1335","3.7760398387908936"
"16k","16k","100k+","2","10.0","4","0.601352798484009","5303","1335","3.823681592941284"
"16k","16k","100k+","2","10.0","5","0.6260935761277977","5303","1335","3.8441412448883057"
"16k","16k","100k+","2","10.0","6","0.6213910241785666","5303","1335","3.793461322784424"
"16k","16k","100k+","2","10.0","7","0.6260528361975444","5303","1335","3.7950661182403564"
"16k","16k","100k+","2","10.0","8","0.5864431480093306","5303","1335","3.7982378005981445"
"16k","16k","100k+","2","10.0","9","0.6289069593112857","5303","1335","3.831294059753418"
"16k","16k","100k+","2","10.0","10","0.5973614493171988","5303","1335","3.8147542476654053"
"16k","16k","100k+","2","30.0","1","0.6120674001406109","5303","1335","4.03989839553833"
"16k","16k","100k+","2","30.0","2","0.5898862541147329","5303","1335","3.9927237033843994"
"16k","16k","100k+","2","30.0","3","0.6294144624424404","5303","1335","4.002178192138672"
"16k","16k","100k+","2","30.0","4","0.6049681762944822","5303","1335","4.019208669662476"
"16k","16k","100k+","2","30.0","5","0.6322778975402393","5303","1335","4.041382551193237"
"16k","16k","100k+","2","30.0","6","0.6309683997820996","5303","1335","4.051562786102295"
"16k","16k","100k+","2","30.0","7","0.6373063689314964","5303","1335","4.0869200229644775"
"16k","16k","100k+","2","30.0","8","0.5747635920047306","5303","1335","4.06338906288147"
"16k","16k","100k+","2","30.0","9","0.6204668097608217","5303","1335","4.047433614730835"
"16k","16k","100k+","2","30.0","10","0.6122303598616239","5303","1335","4.012063264846802"
"16k","16k","100k+","2","100.0","1","0.5882508369145673","5303","1335","4.622122287750244"
"16k","16k","100k+","2","100.0","2","0.5631247759303836","5303","1335","4.578402519226074"
"16k","16k","100k+","2","100.0","3","0.5784604496757102","5303","1335","4.534425497055054"
"16k","16k","100k+","2","100.0","4","0.5814053646340157","5303","1335","4.640153408050537"
"16k","16k","100k+","2","100.0","5","0.5952685809001894","5303","1335","4.555132150650024"
"16k","16k","100k+","2","100.0","6","0.5903122773853812","5303","1335","4.599146604537964"
"16k","16k","100k+","2","100.0","7","0.5888305079221704","5303","1335","4.594598054885864"
"16k","16k","100k+","2","100.0","8","0.5904344971761408","5303","1335","4.610512018203735"
"16k","16k","100k+","2","100.0","9","0.5821165674164366","5303","1335","4.557567834854126"
"16k","16k","100k+","2","100.0","10","0.5911864398888149","5303","1335","4.631531715393066"
"131k","131k","0 - 30k","0","0.1","1","0.6577160673420972","67273","5843","7.7138426303863525"
"131k","131k","0 - 30k","0","0.1","2","0.6550675414640009","67273","5843","7.821143388748169"
"131k","131k","0 - 30k","0","0.1","3","0.6522586397842641","67273","5843","7.966017723083496"
"131k","131k","0 - 30k","0","0.1","4","0.6601766137025085","67273","5843","7.623104095458984"
"131k","131k","0 - 30k","0","0.1","5","0.6594472317109582","67273","5843","7.612337112426758"
"131k","131k","0 - 30k","0","0.1","6","0.658940468025477","67273","5843","7.716325283050537"
"131k","131k","0 - 30k","0","0.1","7","0.6555412164617831","67273","5843","7.868529558181763"
"131k","131k","0 - 30k","0","0.1","8","0.6565357849089828","67273","5843","7.705751657485962"
"131k","131k","0 - 30k","0","0.1","9","0.6548255468993693","67273","5843","7.818170547485352"
"131k","131k","0 - 30k","0","0.1","10","0.6620091904277229","67273","5843","7.812442064285278"
"131k","131k","0 - 30k","0","0.3","1","0.6586448757486986","67273","5843","7.432396650314331"
"131k","131k","0 - 30k","0","0.3","2","0.6526241058303818","67273","5843","7.503339052200317"
"131k","131k","0 - 30k","0","0.3","3","0.6503462924930292","67273","5843","7.733888387680054"
"131k","131k","0 - 30k","0","0.3","4","0.6561281680480846","67273","5843","7.337867021560669"
"131k","131k","0 - 30k","0","0.3","5","0.6592584175236736","67273","5843","7.634444236755371"
"131k","131k","0 - 30k","0","0.3","6","0.6542484921097491","67273","5843","7.471403360366821"
"131k","131k","0 - 30k","0","0.3","7","0.6593427191532347","67273","5843","7.55691123008728"
"131k","131k","0 - 30k","0","0.3","8","0.6563336756273616","67273","5843","7.435516119003296"
"131k","131k","0 - 30k","0","0.3","9","0.660440250057473","67273","5843","7.539155006408691"
"131k","131k","0 - 30k","0","0.3","10","0.6592489380617923","67273","5843","7.491705656051636"
"131k","131k","0 - 30k","0","1.0","1","0.6539589809971964","67273","5843","7.337432146072388"
"131k","131k","0 - 30k","0","1.0","2","0.6476890025841371","67273","5843","7.352940082550049"
"131k","131k","0 - 30k","0","1.0","3","0.6526856329037248","67273","5843","7.526723146438599"
"131k","131k","0 - 30k","0","1.0","4","0.6544201955702416","67273","5843","7.187441825866699"
"131k","131k","0 - 30k","0","1.0","5","0.6592063699122118","67273","5843","7.201988220214844"
"131k","131k","0 - 30k","0","1.0","6","0.6599334863719917","67273","5843","7.261901617050171"
"131k","131k","0 - 30k","0","1.0","7","0.655095979849645","67273","5843","7.39730429649353"
"131k","131k","0 - 30k","0","1.0","8","0.6579314717180553","67273","5843","7.336347579956055"
"131k","131k","0 - 30k","0","1.0","9","0.6487800349893496","67273","5843","7.3860931396484375"
"131k","131k","0 - 30k","0","1.0","10","0.6568708451339715","67273","5843","7.365422010421753"
"131k","131k","0 - 30k","0","3.0","1","0.6562451410305452","67273","5843","7.223702430725098"
"131k","131k","0 - 30k","0","3.0","2","0.6448501124180712","67273","5843","7.274824142456055"
"131k","131k","0 - 30k","0","3.0","3","0.6385702372083306","67273","5843","7.455978155136108"
"131k","131k","0 - 30k","0","3.0","4","0.6513830117550097","67273","5843","7.128347873687744"
"131k","131k","0 - 30k","0","3.0","5","0.6601074553642545","67273","5843","7.18962550163269"
"131k","131k","0 - 30k","0","3.0","6","0.6586225185272804","67273","5843","7.170360565185547"
"131k","131k","0 - 30k","0","3.0","7","0.634331427265937","67273","5843","7.287980556488037"
"131k","131k","0 - 30k","0","3.0","8","0.6560833343667338","67273","5843","7.336811542510986"
"131k","131k","0 - 30k","0","3.0","9","0.6474337129251687","67273","5843","7.363003253936768"
"131k","131k","0 - 30k","0","3.0","10","0.6511387516586077","67273","5843","7.331855773925781"
"131k","131k","0 - 30k","0","5.0","1","0.6494220151499687","67273","5843","7.237132549285889"
"131k","131k","0 - 30k","0","5.0","2","0.6431615161987907","67273","5843","7.251785516738892"
"131k","131k","0 - 30k","0","5.0","3","0.632510297438089","67273","5843","7.822516202926636"
"131k","131k","0 - 30k","0","5.0","4","0.644389315179826","67273","5843","7.071352481842041"
"131k","131k","0 - 30k","0","5.0","5","0.656604525912437","67273","5843","7.165056467056274"
"131k","131k","0 - 30k","0","5.0","6","0.6603836713824704","67273","5843","7.142552375793457"
"131k","131k","0 - 30k","0","5.0","7","0.6300858207282324","67273","5843","7.303633451461792"
"131k","131k","0 - 30k","0","5.0","8","0.6590795001330703","67273","5843","7.267599582672119"
"131k","131k","0 - 30k","0","5.0","9","0.6467442162166287","67273","5843","7.361023426055908"
"131k","131k","0 - 30k","0","5.0","10","0.6519611993105152","67273","5843","7.329841375350952"
"131k","131k","0 - 30k","0","10.0","1","0.6349954665516889","67273","5843","7.282096862792969"
"131k","131k","0 - 30k","0","10.0","2","0.6326903475945777","67273","5843","7.31715202331543"
"131k","131k","0 - 30k","0","10.0","3","0.6128899576369407","67273","5843","7.381269216537476"
"131k","131k","0 - 30k","0","10.0","4","0.6378624970071133","67273","5843","7.120994806289673"
"131k","131k","0 - 30k","0","10.0","5","0.6502687874587793","67273","5843","7.213756561279297"
"131k","131k","0 - 30k","0","10.0","6","0.6571033602367218","67273","5843","7.252444267272949"
"131k","131k","0 - 30k","0","10.0","7","0.6225006415032065","67273","5843","7.351150035858154"
"131k","131k","0 - 30k","0","10.0","8","0.6461322245423389","67273","5843","7.290755987167358"
"131k","131k","0 - 30k","0","10.0","9","0.6408620610711053","67273","5843","7.379246711730957"
"131k","131k","0 - 30k","0","10.0","10","0.6389064301992047","67273","5843","7.323841094970703"
"131k","131k","0 - 30k","0","30.0","1","0.5992166983523145","67273","5843","7.524219751358032"
"131k","131k","0 - 30k","0","30.0","2","0.6098417442591425","67273","5843","7.586345195770264"
"131k","131k","0 - 30k","0","30.0","3","0.6100776576595484","67273","5843","7.591855525970459"
"131k","131k","0 - 30k","0","30.0","4","0.6072991618009403","67273","5843","7.348284721374512"
"131k","131k","0 - 30k","0","30.0","5","0.6315628282040106","67273","5843","7.487040042877197"
"131k","131k","0 - 30k","0","30.0","6","0.6457888176213539","67273","5843","7.427788019180298"
"131k","131k","0 - 30k","0","30.0","7","0.5961889939989641","67273","5843","7.563762187957764"
"131k","131k","0 - 30k","0","30.0","8","0.6102588405819221","67273","5843","7.507469654083252"
"131k","131k","0 - 30k","0","30.0","9","0.6250747625484226","67273","5843","7.558122634887695"
"131k","131k","0 - 30k","0","30.0","10","0.6096578784701985","67273","5843","7.46320652961731"
"131k","131k","0 - 30k","0","100.0","1","0.5568214446175257","67273","5843","8.2453773021698"
"131k","131k","0 - 30k","0","100.0","2","0.6032723579368494","67273","5843","8.324509382247925"
"131k","131k","0 - 30k","0","100.0","3","0.6067885824830037","67273","5843","8.248774290084839"
"131k","131k","0 - 30k","0","100.0","4","0.6023192248733449","67273","5843","7.944726943969727"
"131k","131k","0 - 30k","0","100.0","5","0.6002811405688536","67273","5843","8.165850162506104"
"131k","131k","0 - 30k","0","100.0","6","0.6111709555965311","67273","5843","8.181685209274292"
"131k","131k","0 - 30k","0","100.0","7","0.5740055627151659","67273","5843","8.303894758224487"
"131k","131k","0 - 30k","0","100.0","8","0.5868138061983041","67273","5843","8.146828651428223"
"131k","131k","0 - 30k","0","100.0","9","0.599250502471099","67273","5843","8.363462924957275"
"131k","131k","0 - 30k","0","100.0","10","0.5861342062864453","67273","5843","8.219706773757935"
"131k","131k","30 - 100k","1","0.1","1","0.5766542077534411","15345","1403","3.833439350128174"
"131k","131k","30 - 100k","1","0.1","2","0.577204866204879","15345","1403","3.7457258701324463"
"131k","131k","30 - 100k","1","0.1","3","0.5745355546767699","15345","1403","3.817561149597168"
"131k","131k","30 - 100k","1","0.1","4","0.5724551712994264","15345","1403","3.888119697570801"
"131k","131k","30 - 100k","1","0.1","5","0.5818323106819234","15345","1403","3.923006296157837"
"131k","131k","30 - 100k","1","0.1","6","0.5718279734493331","15345","1403","3.80053448677063"
"131k","131k","30 - 100k","1","0.1","7","0.5767307471520966","15345","1403","3.912687063217163"
"131k","131k","30 - 100k","1","0.1","8","0.5897945342364982","15345","1403","3.9331135749816895"
"131k","131k","30 - 100k","1","0.1","9","0.5819162914110039","15345","1403","3.93609881401062"
"131k","131k","30 - 100k","1","0.1","10","0.5822298903360504","15345","1403","3.907094955444336"
"131k","131k","30 - 100k","1","0.3","1","0.6155319700815995","15345","1403","3.6692733764648438"
"131k","131k","30 - 100k","1","0.3","2","0.5718205321189082","15345","1403","3.66056489944458"
"131k","131k","30 - 100k","1","0.3","3","0.6138417250279582","15345","1403","3.6888980865478516"
"131k","131k","30 - 100k","1","0.3","4","0.5867659127535899","15345","1403","3.721219778060913"
"131k","131k","30 - 100k","1","0.3","5","0.6477784439540253","15345","1403","3.82418155670166"
"131k","131k","30 - 100k","1","0.3","6","0.5912402784333236","15345","1403","3.6654486656188965"
"131k","131k","30 - 100k","1","0.3","7","0.6067437588498681","15345","1403","3.7428290843963623"
"131k","131k","30 - 100k","1","0.3","8","0.6145071925773792","15345","1403","3.739863872528076"
"131k","131k","30 - 100k","1","0.3","9","0.6035620585696487","15345","1403","3.8130650520324707"
"131k","131k","30 - 100k","1","0.3","10","0.596540631790214","15345","1403","3.74189829826355"
"131k","131k","30 - 100k","1","1.0","1","0.6166641153533781","15345","1403","3.5564990043640137"
"131k","131k","30 - 100k","1","1.0","2","0.6363666322239373","15345","1403","3.5549538135528564"
"131k","131k","30 - 100k","1","1.0","3","0.6300032316634987","15345","1403","3.5851330757141113"
"131k","131k","30 - 100k","1","1.0","4","0.632909602717999","15345","1403","3.5868992805480957"
"131k","131k","30 - 100k","1","1.0","5","0.6464400675247584","15345","1403","3.708813190460205"
"131k","131k","30 - 100k","1","1.0","6","0.5789110569665735","15345","1403","3.564445972442627"
"131k","131k","30 - 100k","1","1.0","7","0.6116008215228789","15345","1403","3.615131378173828"
"131k","131k","30 - 100k","1","1.0","8","0.658570499164445","15345","1403","3.6479275226593018"
"131k","131k","30 - 100k","1","1.0","9","0.6092068392204887","15345","1403","3.691131830215454"
"131k","131k","30 - 100k","1","1.0","10","0.6673204406968487","15345","1403","3.642536163330078"
"131k","131k","30 - 100k","1","3.0","1","0.6577445114872881","15345","1403","3.4518141746520996"
"131k","131k","30 - 100k","1","3.0","2","0.6252152670587185","15345","1403","3.467437267303467"
"131k","131k","30 - 100k","1","3.0","3","0.6269363404812627","15345","1403","3.4981167316436768"
"131k","131k","30 - 100k","1","3.0","4","0.63588507184073","15345","1403","3.5487451553344727"
"131k","131k","30 - 100k","1","3.0","5","0.643962104493288","15345","1403","3.6058290004730225"
"131k","131k","30 - 100k","1","3.0","6","0.5781998783874","15345","1403","3.4811806678771973"
"131k","131k","30 - 100k","1","3.0","7","0.6429447683194924","15345","1403","3.5196709632873535"
"131k","131k","30 - 100k","1","3.0","8","0.6229360938543115","15345","1403","3.6051042079925537"
"131k","131k","30 - 100k","1","3.0","9","0.61602947617286","15345","1403","3.6120142936706543"
"131k","131k","30 - 100k","1","3.0","10","0.6497748466022885","15345","1403","3.5475480556488037"
"131k","131k","30 - 100k","1","5.0","1","0.6638251414915828","15345","1403","3.4370334148406982"
"131k","131k","30 - 100k","1","5.0","2","0.594407096052693","15345","1403","3.4308218955993652"
"131k","131k","30 - 100k","1","5.0","3","0.6441226246210238","15345","1403","3.4596168994903564"
"131k","131k","30 - 100k","1","5.0","4","0.6228138434259035","15345","1403","3.5130605697631836"
"131k","131k","30 - 100k","1","5.0","5","0.6326959302300859","15345","1403","3.595808744430542"
"131k","131k","30 - 100k","1","5.0","6","0.5840051791659757","15345","1403","3.4630649089813232"
"131k","131k","30 - 100k","1","5.0","7","0.6564826744566765","15345","1403","3.4885025024414062"
"131k","131k","30 - 100k","1","5.0","8","0.6389445216925412","15345","1403","3.599639892578125"
"131k","131k","30 - 100k","1","5.0","9","0.6131613748176874","15345","1403","3.5451607704162598"
"131k","131k","30 - 100k","1","5.0","10","0.6576605307582077","15345","1403","3.5227200984954834"
"131k","131k","30 - 100k","1","10.0","1","0.6626855548893793","15345","1403","3.4300336837768555"
"131k","131k","30 - 100k","1","10.0","2","0.5860855625433191","15345","1403","3.435385227203369"
"131k","131k","30 - 100k","1","10.0","3","0.6366270787888066","15345","1403","3.4630894660949707"
"131k","131k","30 - 100k","1","10.0","4","0.6095438251840135","15345","1403","3.532054901123047"
"131k","131k","30 - 100k","1","10.0","5","0.6480771602182224","15345","1403","3.645063877105713"
"131k","131k","30 - 100k","1","10.0","6","0.5768997716574606","15345","1403","3.4540271759033203"
"131k","131k","30 - 100k","1","10.0","7","0.6347763136074294","15345","1403","3.5410842895507812"
"131k","131k","30 - 100k","1","10.0","8","0.6401606476934002","15345","1403","3.5727663040161133"
"131k","131k","30 - 100k","1","10.0","9","0.5927551206983795","15345","1403","3.582158327102661"
"131k","131k","30 - 100k","1","10.0","10","0.6491784771210981","15345","1403","3.5457444190979004"
"131k","131k","30 - 100k","1","30.0","1","0.629322881453228","15345","1403","3.6224498748779297"
"131k","131k","30 - 100k","1","30.0","2","0.5650829389428209","15345","1403","3.637916088104248"
"131k","131k","30 - 100k","1","30.0","3","0.5932983378193927","15345","1403","3.676328420639038"
"131k","131k","30 - 100k","1","30.0","4","0.6092610546278697","15345","1403","3.7602970600128174"
"131k","131k","30 - 100k","1","30.0","5","0.6087943769055122","15345","1403","3.8950693607330322"
"131k","131k","30 - 100k","1","30.0","6","0.5673546708168029","15345","1403","3.6410906314849854"
"131k","131k","30 - 100k","1","30.0","7","0.6018112198254051","15345","1403","3.6694893836975098"
"131k","131k","30 - 100k","1","30.0","8","0.5776417786055372","15345","1403","3.7259511947631836"
"131k","131k","30 - 100k","1","30.0","9","0.5547650027851836","15345","1403","3.7690682411193848"
"131k","131k","30 - 100k","1","30.0","10","0.6263782406994","15345","1403","3.695648193359375"
"131k","131k","30 - 100k","1","100.0","1","0.6215445650648671","15345","1403","4.125840187072754"
"131k","131k","30 - 100k","1","100.0","2","0.5700548107138149","15345","1403","4.144198417663574"
"131k","131k","30 - 100k","1","100.0","3","0.596197267543468","15345","1403","4.2581257820129395"
"131k","131k","30 - 100k","1","100.0","4","0.6030507328647421","15345","1403","4.267269849777222"
"131k","131k","30 - 100k","1","100.0","5","0.6028211146687757","15345","1403","4.437262773513794"
"131k","131k","30 - 100k","1","100.0","6","0.5859484294540616","15345","1403","4.144760370254517"
"131k","131k","30 - 100k","1","100.0","7","0.5781392846967977","15345","1403","4.2401463985443115"
"131k","131k","30 - 100k","1","100.0","8","0.5416480633406046","15345","1403","4.272547483444214"
"131k","131k","30 - 100k","1","100.0","9","0.5287756247528416","15345","1403","4.285089492797852"
"131k","131k","30 - 100k","1","100.0","10","0.6184011344839756","15345","1403","4.294559478759766"
"131k","131k","100k+","2","0.1","1","0.6439643953610433","5137","1314","4.414401531219482"
"131k","131k","100k+","2","0.1","2","0.6445539713696139","5137","1314","4.39555811882019"
"131k","131k","100k+","2","0.1","3","0.643881710920817","5137","1314","4.432396650314331"
"131k","131k","100k+","2","0.1","4","0.642911067492073","5137","1314","4.4081761837005615"
"131k","131k","100k+","2","0.1","5","0.6451830921104664","5137","1314","4.422522783279419"
"131k","131k","100k+","2","0.1","6","0.6324496883156101","5137","1314","4.435540199279785"
"131k","131k","100k+","2","0.1","7","0.6393089018787343","5137","1314","4.396260499954224"
"131k","131k","100k+","2","0.1","8","0.6436911772107303","5137","1314","4.4355902671813965"
"131k","131k","100k+","2","0.1","9","0.6402543804778441","5137","1314","4.417382001876831"
"131k","131k","100k+","2","0.1","10","0.6395964999316955","5137","1314","4.400072336196899"
"131k","131k","100k+","2","0.3","1","0.598340559234414","5137","1314","4.142160415649414"
"131k","131k","100k+","2","0.3","2","0.597107482582343","5137","1314","4.1443727016448975"
"131k","131k","100k+","2","0.3","3","0.5984771683095705","5137","1314","4.297754526138306"
"131k","131k","100k+","2","0.3","4","0.5986964618249536","5137","1314","4.1448564529418945"
"131k","131k","100k+","2","0.3","5","0.6097186572046908","5137","1314","4.125400543212891"
"131k","131k","100k+","2","0.3","6","0.5907407806849149","5137","1314","4.155765056610107"
"131k","131k","100k+","2","0.3","7","0.5973267760977259","5137","1314","4.154248952865601"
"131k","131k","100k+","2","0.3","8","0.5896047683757181","5137","1314","4.144589900970459"
"131k","131k","100k+","2","0.3","9","0.5953962741672238","5137","1314","4.185153961181641"
"131k","131k","100k+","2","0.3","10","0.589809681988453","5137","1314","4.207013845443726"
"131k","131k","100k+","2","1.0","1","0.5791541741262412","5137","1314","3.9188928604125977"
"131k","131k","100k+","2","1.0","2","0.5762925734992774","5137","1314","3.8775696754455566"
"131k","131k","100k+","2","1.0","3","0.5777305637640834","5137","1314","3.902212381362915"
"131k","131k","100k+","2","1.0","4","0.5690630774429656","5137","1314","3.8983395099639893"
"131k","131k","100k+","2","1.0","5","0.5762925734992774","5137","1314","3.886101007461548"
"131k","131k","100k+","2","1.0","6","0.5767167806273951","5137","1314","3.9067609310150146"
"131k","131k","100k+","2","1.0","7","0.5724998741758518","5137","1314","3.885209560394287"
"131k","131k","100k+","2","1.0","8","0.5819618501182747","5137","1314","3.9017629623413086"
"131k","131k","100k+","2","1.0","9","0.5700085560420757","5137","1314","3.8947956562042236"
"131k","131k","100k+","2","1.0","10","0.573499277409892","5137","1314","3.92055082321167"
"131k","131k","100k+","2","3.0","1","0.588353716845337","5137","1314","3.7353296279907227"
"131k","131k","100k+","2","3.0","2","0.533350589216511","5137","1314","3.7486884593963623"
"131k","131k","100k+","2","3.0","3","0.5649935649935649","5137","1314","3.7405192852020264"
"131k","131k","100k+","2","3.0","4","0.5368556904869755","5137","1314","3.7056925296783447"
"131k","131k","100k+","2","3.0","5","0.5423739781281681","5137","1314","3.7071805000305176"
"131k","131k","100k+","2","3.0","6","0.5483847774350568","5137","1314","3.738837242126465"
"131k","131k","100k+","2","3.0","7","0.5874226181488751","5137","1314","3.7536749839782715"
"131k","131k","100k+","2","3.0","8","0.5468101780950944","5137","1314","3.729390859603882"
"131k","131k","100k+","2","3.0","9","0.5302013905365861","5137","1314","3.746074914932251"
"131k","131k","100k+","2","3.0","10","0.5459473839362108","5137","1314","3.7668509483337402"
"131k","131k","100k+","2","5.0","1","0.5473026897607904","5137","1314","3.6970670223236084"
"131k","131k","100k+","2","5.0","2","0.5551756864606027","5137","1314","3.6841232776641846"
"131k","131k","100k+","2","5.0","3","0.5541762832265625","5137","1314","3.692741870880127"
"131k","131k","100k+","2","5.0","4","0.5481654839196739","5137","1314","3.6752374172210693"
"131k","131k","100k+","2","5.0","5","0.5532451845301007","5137","1314","3.672351598739624"
"131k","131k","100k+","2","5.0","6","0.5551073819230243","5137","1314","3.683943748474121"
"131k","131k","100k+","2","5.0","7","0.5461522975489456","5137","1314","3.6821699142456055"
"131k","131k","100k+","2","5.0","8","0.5495207897442534","5137","1314","3.6918256282806396"
"131k","131k","100k+","2","5.0","9","0.5478778858667127","5137","1314","3.6856348514556885"
"131k","131k","100k+","2","5.0","10","0.549876692334793","5137","1314","3.713632822036743"
"131k","131k","100k+","2","10.0","1","0.5527382929617567","5137","1314","3.7060112953186035"
"131k","131k","100k+","2","10.0","2","0.544290100156022","5137","1314","3.6674585342407227"
"131k","131k","100k+","2","10.0","3","0.5526016838866001","5137","1314","3.7024333477020264"
"131k","131k","100k+","2","10.0","4","0.5413601949914799","5137","1314","3.7103753089904785"
"131k","131k","100k+","2","10.0","5","0.539210399545595","5137","1314","3.706727981567383"
"131k","131k","100k+","2","10.0","6","0.5520121078780297","5137","1314","3.686565399169922"
"131k","131k","100k+","2","10.0","7","0.5383476053867116","5137","1314","3.69345760345459"
"131k","131k","100k+","2","10.0","8","0.5471517007829857","5137","1314","3.687037706375122"
"131k","131k","100k+","2","10.0","9","0.5445093936714048","5137","1314","3.7114250659942627"
"131k","131k","100k+","2","10.0","10","0.5460013085711409","5137","1314","3.7470734119415283"
"131k","131k","100k+","2","30.0","1","0.5412918904539017","5137","1314","3.9478611946105957"
"131k","131k","100k+","2","30.0","2","0.537718484645859","5137","1314","3.925499200820923"
"131k","131k","100k+","2","30.0","3","0.5317076853389703","5137","1314","3.971130847930908"
"131k","131k","100k+","2","30.0","4","0.5404290962950181","5137","1314","3.8903086185455322"
"131k","131k","100k+","2","30.0","5","0.5344866015257077","5137","1314","3.867037773132324"
"131k","131k","100k+","2","30.0","6","0.5369239950245536","5137","1314","3.9110982418060303"
"131k","131k","100k+","2","30.0","7","0.5341306989351683","5137","1314","3.953540802001953"
"131k","131k","100k+","2","30.0","8","0.5376501801082808","5137","1314","3.924301862716675"
"131k","131k","100k+","2","30.0","9","0.543578294974943","5137","1314","3.910417079925537"
"131k","131k","100k+","2","30.0","10","0.5358419073502872","5137","1314","3.903046131134033"
"131k","131k","100k+","2","100.0","1","0.5395806820387827","5137","1314","4.526935577392578"
"131k","131k","100k+","2","100.0","2","0.5224793828145783","5137","1314","4.503475666046143"
"131k","131k","100k+","2","100.0","3","0.5212606860651554","5137","1314","4.457745552062988"
"131k","131k","100k+","2","100.0","4","0.5360755807683182","5137","1314","4.492586851119995"
"131k","131k","100k+","2","100.0","5","0.531639380801392","5137","1314","4.469527721405029"
"131k","131k","100k+","2","100.0","6","0.5286267911966236","5137","1314","4.463037014007568"
"131k","131k","100k+","2","100.0","7","0.5240539821545407","5137","1314","4.489490985870361"
"131k","131k","100k+","2","100.0","8","0.5210413925497724","5137","1314","4.503250598907471"
"131k","131k","100k+","2","100.0","9","0.544811371627014","5137","1314","4.541566371917725"
"131k","131k","100k+","2","100.0","10","0.5259844840850427","5137","1314","4.542070627212524"
