"feature_mode","Distance to TSS","C","AUROC","AUROC_std","macro_AUROC_mean_over_buckets"
"alt","0 - 30k","0.1","0.6564622208335532","0.004908301138557338","0.6426642181807523"
"alt","30 - 100k","5.0","0.6306136724960254","0.03276559557735433","0.6426642181807523"
"alt","100k+","0.1","0.6409167612126783","0.002262585639871589","0.6426642181807523"
"ref","0 - 30k","0.3","0.6564201684189102","0.005181193817794268","0.6419191936883731"
"ref","30 - 100k","5.0","0.6293047164811871","0.031146761330781276","0.6419191936883731"
"ref","100k+","0.1","0.6400326961650223","0.002927528677658977","0.6419191936883731"
"ref_alt","0 - 30k","0.3","0.6563229140361615","0.005233794586635574","0.6421253386784717"
"ref_alt","30 - 100k","5.0","0.629779014308426","0.03169358848671909","0.6421253386784717"
"ref_alt","100k+","0.1","0.6402740876908275","0.0024230259452253677","0.6421253386784717"
"ref_alt_tissue","0 - 30k","0.3","0.6563921096972367","0.005084596483721295","0.6418509196443152"
"ref_alt_tissue","30 - 100k","3.0","0.628571807101219","0.034211654885451255","0.6418509196443152"
"ref_alt_tissue","100k+","0.1","0.6405888421344899","0.0032361355601920106","0.6418509196443152"
"tissue","0 - 30k","10.0","0.500553945745846","0.0017517302570341047","0.5001846485819487"
"tissue","30 - 100k","0.1","0.5","0.0","0.5001846485819487"
"tissue","100k+","0.1","0.5","0.0","0.5001846485819487"
