"model_name","embed_path","bucket_id","Distance to TSS","use_tissue","C","seed","AUROC"
"Flipped-GARI_d192l12_parammatch_131k_tuned_formal_tissue_ss5000_s10","flipped_gari_d192l12_parammatch_lr1e4_bf16_8gpu_1k_downstream-seqlen=131k","0","0 - 30k","True","0.1","1","0.658500033052223"
"Flipped-GARI_d192l12_parammatch_131k_tuned_formal_tissue_ss5000_s10","flipped_gari_d192l12_parammatch_lr1e4_bf16_8gpu_1k_downstream-seqlen=131k","0","0 - 30k","True","0.1","2","0.6620472023789991"
"Flipped-GARI_d192l12_parammatch_131k_tuned_formal_tissue_ss5000_s10","flipped_gari_d192l12_parammatch_lr1e4_bf16_8gpu_1k_downstream-seqlen=131k","0","0 - 30k","True","0.1","3","0.652205605752133"
"Flipped-GARI_d192l12_parammatch_131k_tuned_formal_tissue_ss5000_s10","flipped_gari_d192l12_parammatch_lr1e4_bf16_8gpu_1k_downstream-seqlen=131k","0","0 - 30k","True","0.1","4","0.661112109811374"
"Flipped-GARI_d192l12_parammatch_131k_tuned_formal_tissue_ss5000_s10","flipped_gari_d192l12_parammatch_lr1e4_bf16_8gpu_1k_downstream-seqlen=131k","0","0 - 30k","True","0.1","5","0.6607126297061967"
"Flipped-GARI_d192l12_parammatch_131k_tuned_formal_tissue_ss5000_s10","flipped_gari_d192l12_parammatch_lr1e4_bf16_8gpu_1k_downstream-seqlen=131k","0","0 - 30k","True","0.1","6","0.6474421621765578"
"Flipped-GARI_d192l12_parammatch_131k_tuned_formal_tissue_ss5000_s10","flipped_gari_d192l12_parammatch_lr1e4_bf16_8gpu_1k_downstream-seqlen=131k","0","0 - 30k","True","0.1","7","0.655004938810586"
"Flipped-GARI_d192l12_parammatch_131k_tuned_formal_tissue_ss5000_s10","flipped_gari_d192l12_parammatch_lr1e4_bf16_8gpu_1k_downstream-seqlen=131k","0","0 - 30k","True","0.1","8","0.6551606884944499"
"Flipped-GARI_d192l12_parammatch_131k_tuned_formal_tissue_ss5000_s10","flipped_gari_d192l12_parammatch_lr1e4_bf16_8gpu_1k_downstream-seqlen=131k","0","0 - 30k","True","0.1","9","0.6541978938838169"
"Flipped-GARI_d192l12_parammatch_131k_tuned_formal_tissue_ss5000_s10","flipped_gari_d192l12_parammatch_lr1e4_bf16_8gpu_1k_downstream-seqlen=131k","0","0 - 30k","True","0.1","10","0.6560930465256406"
"Flipped-GARI_d192l12_parammatch_131k_tuned_formal_tissue_ss5000_s10","flipped_gari_d192l12_parammatch_lr1e4_bf16_8gpu_1k_downstream-seqlen=131k","0","0 - 30k","True","0.3","1","0.6573429674618699"
"Flipped-GARI_d192l12_parammatch_131k_tuned_formal_tissue_ss5000_s10","flipped_gari_d192l12_parammatch_lr1e4_bf16_8gpu_1k_downstream-seqlen=131k","0","0 - 30k","True","0.3","2","0.6564474662260972"
"Flipped-GARI_d192l12_parammatch_131k_tuned_formal_tissue_ss5000_s10","flipped_gari_d192l12_parammatch_lr1e4_bf16_8gpu_1k_downstream-seqlen=131k","0","0 - 30k","True","0.3","3","0.657804271869039"
"Flipped-GARI_d192l12_parammatch_131k_tuned_formal_tissue_ss5000_s10","flipped_gari_d192l12_parammatch_lr1e4_bf16_8gpu_1k_downstream-seqlen=131k","0","0 - 30k","True","0.3","4","0.6567779884559761"
"Flipped-GARI_d192l12_parammatch_131k_tuned_formal_tissue_ss5000_s10","flipped_gari_d192l12_parammatch_lr1e4_bf16_8gpu_1k_downstream-seqlen=131k","0","0 - 30k","True","0.3","5","0.6659970619189407"
"Flipped-GARI_d192l12_parammatch_131k_tuned_formal_tissue_ss5000_s10","flipped_gari_d192l12_parammatch_lr1e4_bf16_8gpu_1k_downstream-seqlen=131k","0","0 - 30k","True","0.3","6","0.6462726128329179"
"Flipped-GARI_d192l12_parammatch_131k_tuned_formal_tissue_ss5000_s10","flipped_gari_d192l12_parammatch_lr1e4_bf16_8gpu_1k_downstream-seqlen=131k","0","0 - 30k","True","0.3","7","0.6548030586860052"
"Flipped-GARI_d192l12_parammatch_131k_tuned_formal_tissue_ss5000_s10","flipped_gari_d192l12_parammatch_lr1e4_bf16_8gpu_1k_downstream-seqlen=131k","0","0 - 30k","True","0.3","8","0.654657058218994"
"Flipped-GARI_d192l12_parammatch_131k_tuned_formal_tissue_ss5000_s10","flipped_gari_d192l12_parammatch_lr1e4_bf16_8gpu_1k_downstream-seqlen=131k","0","0 - 30k","True","0.3","9","0.6607104896342046"
"Flipped-GARI_d192l12_parammatch_131k_tuned_formal_tissue_ss5000_s10","flipped_gari_d192l12_parammatch_lr1e4_bf16_8gpu_1k_downstream-seqlen=131k","0","0 - 30k","True","0.3","10","0.6531081216683239"
"Flipped-GARI_d192l12_parammatch_131k_tuned_formal_tissue_ss5000_s10","flipped_gari_d192l12_parammatch_lr1e4_bf16_8gpu_1k_downstream-seqlen=131k","0","0 - 30k","True","1.0","1","0.6605813719573527"
"Flipped-GARI_d192l12_parammatch_131k_tuned_formal_tissue_ss5000_s10","flipped_gari_d192l12_parammatch_lr1e4_bf16_8gpu_1k_downstream-seqlen=131k","0","0 - 30k","True","1.0","2","0.6584761355816454"
"Flipped-GARI_d192l12_parammatch_131k_tuned_formal_tissue_ss5000_s10","flipped_gari_d192l12_parammatch_lr1e4_bf16_8gpu_1k_downstream-seqlen=131k","0","0 - 30k","True","1.0","3","0.6549664175147297"
"Flipped-GARI_d192l12_parammatch_131k_tuned_formal_tissue_ss5000_s10","flipped_gari_d192l12_parammatch_lr1e4_bf16_8gpu_1k_downstream-seqlen=131k","0","0 - 30k","True","1.0","4","0.6527168451724494"
"Flipped-GARI_d192l12_parammatch_131k_tuned_formal_tissue_ss5000_s10","flipped_gari_d192l12_parammatch_lr1e4_bf16_8gpu_1k_downstream-seqlen=131k","0","0 - 30k","True","1.0","5","0.6689885258851218"
"Flipped-GARI_d192l12_parammatch_131k_tuned_formal_tissue_ss5000_s10","flipped_gari_d192l12_parammatch_lr1e4_bf16_8gpu_1k_downstream-seqlen=131k","0","0 - 30k","True","1.0","6","0.6453749715251532"
"Flipped-GARI_d192l12_parammatch_131k_tuned_formal_tissue_ss5000_s10","flipped_gari_d192l12_parammatch_lr1e4_bf16_8gpu_1k_downstream-seqlen=131k","0","0 - 30k","True","1.0","7","0.6559888963553623"
"Flipped-GARI_d192l12_parammatch_131k_tuned_formal_tissue_ss5000_s10","flipped_gari_d192l12_parammatch_lr1e4_bf16_8gpu_1k_downstream-seqlen=131k","0","0 - 30k","True","1.0","8","0.648345272557191"
"Flipped-GARI_d192l12_parammatch_131k_tuned_formal_tissue_ss5000_s10","flipped_gari_d192l12_parammatch_lr1e4_bf16_8gpu_1k_downstream-seqlen=131k","0","0 - 30k","True","1.0","9","0.6575372384415901"
"Flipped-GARI_d192l12_parammatch_131k_tuned_formal_tissue_ss5000_s10","flipped_gari_d192l12_parammatch_lr1e4_bf16_8gpu_1k_downstream-seqlen=131k","0","0 - 30k","True","1.0","10","0.6526430126887246"
"Flipped-GARI_d192l12_parammatch_131k_tuned_formal_tissue_ss5000_s10","flipped_gari_d192l12_parammatch_lr1e4_bf16_8gpu_1k_downstream-seqlen=131k","0","0 - 30k","True","3.0","1","0.656188636407951"
"Flipped-GARI_d192l12_parammatch_131k_tuned_formal_tissue_ss5000_s10","flipped_gari_d192l12_parammatch_lr1e4_bf16_8gpu_1k_downstream-seqlen=131k","0","0 - 30k","True","3.0","2","0.6522951320971326"
"Flipped-GARI_d192l12_parammatch_131k_tuned_formal_tissue_ss5000_s10","flipped_gari_d192l12_parammatch_lr1e4_bf16_8gpu_1k_downstream-seqlen=131k","0","0 - 30k","True","3.0","3","0.6419987701719618"
"Flipped-GARI_d192l12_parammatch_131k_tuned_formal_tissue_ss5000_s10","flipped_gari_d192l12_parammatch_lr1e4_bf16_8gpu_1k_downstream-seqlen=131k","0","0 - 30k","True","3.0","4","0.6379723436118613"
"Flipped-GARI_d192l12_parammatch_131k_tuned_formal_tissue_ss5000_s10","flipped_gari_d192l12_parammatch_lr1e4_bf16_8gpu_1k_downstream-seqlen=131k","0","0 - 30k","True","3.0","5","0.650291430248158"
"Flipped-GARI_d192l12_parammatch_131k_tuned_formal_tissue_ss5000_s10","flipped_gari_d192l12_parammatch_lr1e4_bf16_8gpu_1k_downstream-seqlen=131k","0","0 - 30k","True","3.0","6","0.643426079297752"
"Flipped-GARI_d192l12_parammatch_131k_tuned_formal_tissue_ss5000_s10","flipped_gari_d192l12_parammatch_lr1e4_bf16_8gpu_1k_downstream-seqlen=131k","0","0 - 30k","True","3.0","7","0.6529041014717513"
"Flipped-GARI_d192l12_parammatch_131k_tuned_formal_tissue_ss5000_s10","flipped_gari_d192l12_parammatch_lr1e4_bf16_8gpu_1k_downstream-seqlen=131k","0","0 - 30k","True","3.0","8","0.6452403847754328"
"Flipped-GARI_d192l12_parammatch_131k_tuned_formal_tissue_ss5000_s10","flipped_gari_d192l12_parammatch_lr1e4_bf16_8gpu_1k_downstream-seqlen=131k","0","0 - 30k","True","3.0","9","0.6587556527623812"
"Flipped-GARI_d192l12_parammatch_131k_tuned_formal_tissue_ss5000_s10","flipped_gari_d192l12_parammatch_lr1e4_bf16_8gpu_1k_downstream-seqlen=131k","0","0 - 30k","True","3.0","10","0.6494822452493969"
"Flipped-GARI_d192l12_parammatch_131k_tuned_formal_tissue_ss5000_s10","flipped_gari_d192l12_parammatch_lr1e4_bf16_8gpu_1k_downstream-seqlen=131k","0","0 - 30k","True","5.0","1","0.6515950907699646"
"Flipped-GARI_d192l12_parammatch_131k_tuned_formal_tissue_ss5000_s10","flipped_gari_d192l12_parammatch_lr1e4_bf16_8gpu_1k_downstream-seqlen=131k","0","0 - 30k","True","5.0","2","0.6487365490530655"
"Flipped-GARI_d192l12_parammatch_131k_tuned_formal_tissue_ss5000_s10","flipped_gari_d192l12_parammatch_lr1e4_bf16_8gpu_1k_downstream-seqlen=131k","0","0 - 30k","True","5.0","3","0.6371284418896741"
"Flipped-GARI_d192l12_parammatch_131k_tuned_formal_tissue_ss5000_s10","flipped_gari_d192l12_parammatch_lr1e4_bf16_8gpu_1k_downstream-seqlen=131k","0","0 - 30k","True","5.0","4","0.6348327391066769"
"Flipped-GARI_d192l12_parammatch_131k_tuned_formal_tissue_ss5000_s10","flipped_gari_d192l12_parammatch_lr1e4_bf16_8gpu_1k_downstream-seqlen=131k","0","0 - 30k","True","5.0","5","0.6478101356662971"
"Flipped-GARI_d192l12_parammatch_131k_tuned_formal_tissue_ss5000_s10","flipped_gari_d192l12_parammatch_lr1e4_bf16_8gpu_1k_downstream-seqlen=131k","0","0 - 30k","True","5.0","6","0.6457852708831792"
"Flipped-GARI_d192l12_parammatch_131k_tuned_formal_tissue_ss5000_s10","flipped_gari_d192l12_parammatch_lr1e4_bf16_8gpu_1k_downstream-seqlen=131k","0","0 - 30k","True","5.0","7","0.6492331646481032"
"Flipped-GARI_d192l12_parammatch_131k_tuned_formal_tissue_ss5000_s10","flipped_gari_d192l12_parammatch_lr1e4_bf16_8gpu_1k_downstream-seqlen=131k","0","0 - 30k","True","5.0","8","0.6384510063807436"
"Flipped-GARI_d192l12_parammatch_131k_tuned_formal_tissue_ss5000_s10","flipped_gari_d192l12_parammatch_lr1e4_bf16_8gpu_1k_downstream-seqlen=131k","0","0 - 30k","True","5.0","9","0.6638056281991104"
"Flipped-GARI_d192l12_parammatch_131k_tuned_formal_tissue_ss5000_s10","flipped_gari_d192l12_parammatch_lr1e4_bf16_8gpu_1k_downstream-seqlen=131k","0","0 - 30k","True","5.0","10","0.6486019623033452"
"Flipped-GARI_d192l12_parammatch_131k_tuned_formal_tissue_ss5000_s10","flipped_gari_d192l12_parammatch_lr1e4_bf16_8gpu_1k_downstream-seqlen=131k","0","0 - 30k","True","10.0","1","0.6466921858362427"
"Flipped-GARI_d192l12_parammatch_131k_tuned_formal_tissue_ss5000_s10","flipped_gari_d192l12_parammatch_lr1e4_bf16_8gpu_1k_downstream-seqlen=131k","0","0 - 30k","True","10.0","2","0.6398175612405379"
"Flipped-GARI_d192l12_parammatch_131k_tuned_formal_tissue_ss5000_s10","flipped_gari_d192l12_parammatch_lr1e4_bf16_8gpu_1k_downstream-seqlen=131k","0","0 - 30k","True","10.0","3","0.628079741935852"
"Flipped-GARI_d192l12_parammatch_131k_tuned_formal_tissue_ss5000_s10","flipped_gari_d192l12_parammatch_lr1e4_bf16_8gpu_1k_downstream-seqlen=131k","0","0 - 30k","True","10.0","4","0.6367979196597952"
"Flipped-GARI_d192l12_parammatch_131k_tuned_formal_tissue_ss5000_s10","flipped_gari_d192l12_parammatch_lr1e4_bf16_8gpu_1k_downstream-seqlen=131k","0","0 - 30k","True","10.0","5","0.6533925134574861"
"Flipped-GARI_d192l12_parammatch_131k_tuned_formal_tissue_ss5000_s10","flipped_gari_d192l12_parammatch_lr1e4_bf16_8gpu_1k_downstream-seqlen=131k","0","0 - 30k","True","10.0","6","0.6474649896111394"
"Flipped-GARI_d192l12_parammatch_131k_tuned_formal_tissue_ss5000_s10","flipped_gari_d192l12_parammatch_lr1e4_bf16_8gpu_1k_downstream-seqlen=131k","0","0 - 30k","True","10.0","7","0.6397356440403988"
"Flipped-GARI_d192l12_parammatch_131k_tuned_formal_tissue_ss5000_s10","flipped_gari_d192l12_parammatch_lr1e4_bf16_8gpu_1k_downstream-seqlen=131k","0","0 - 30k","True","10.0","8","0.6386094906010416"
"Flipped-GARI_d192l12_parammatch_131k_tuned_formal_tissue_ss5000_s10","flipped_gari_d192l12_parammatch_lr1e4_bf16_8gpu_1k_downstream-seqlen=131k","0","0 - 30k","True","10.0","9","0.6560225430427924"
"Flipped-GARI_d192l12_parammatch_131k_tuned_formal_tissue_ss5000_s10","flipped_gari_d192l12_parammatch_lr1e4_bf16_8gpu_1k_downstream-seqlen=131k","0","0 - 30k","True","10.0","10","0.6518625997689674"
"Flipped-GARI_d192l12_parammatch_131k_tuned_formal_tissue_ss5000_s10","flipped_gari_d192l12_parammatch_lr1e4_bf16_8gpu_1k_downstream-seqlen=131k","0","0 - 30k","True","30.0","1","0.5994873100864446"
"Flipped-GARI_d192l12_parammatch_131k_tuned_formal_tissue_ss5000_s10","flipped_gari_d192l12_parammatch_lr1e4_bf16_8gpu_1k_downstream-seqlen=131k","0","0 - 30k","True","30.0","2","0.6086255363852662"
"Flipped-GARI_d192l12_parammatch_131k_tuned_formal_tissue_ss5000_s10","flipped_gari_d192l12_parammatch_lr1e4_bf16_8gpu_1k_downstream-seqlen=131k","0","0 - 30k","True","30.0","3","0.6033514478538169"
"Flipped-GARI_d192l12_parammatch_131k_tuned_formal_tissue_ss5000_s10","flipped_gari_d192l12_parammatch_lr1e4_bf16_8gpu_1k_downstream-seqlen=131k","0","0 - 30k","True","30.0","4","0.595996020417238"
"Flipped-GARI_d192l12_parammatch_131k_tuned_formal_tissue_ss5000_s10","flipped_gari_d192l12_parammatch_lr1e4_bf16_8gpu_1k_downstream-seqlen=131k","0","0 - 30k","True","30.0","5","0.6403603072762923"
"Flipped-GARI_d192l12_parammatch_131k_tuned_formal_tissue_ss5000_s10","flipped_gari_d192l12_parammatch_lr1e4_bf16_8gpu_1k_downstream-seqlen=131k","0","0 - 30k","True","30.0","6","0.6045709322106041"
"Flipped-GARI_d192l12_parammatch_131k_tuned_formal_tissue_ss5000_s10","flipped_gari_d192l12_parammatch_lr1e4_bf16_8gpu_1k_downstream-seqlen=131k","0","0 - 30k","True","30.0","7","0.6246172243456493"
"Flipped-GARI_d192l12_parammatch_131k_tuned_formal_tissue_ss5000_s10","flipped_gari_d192l12_parammatch_lr1e4_bf16_8gpu_1k_downstream-seqlen=131k","0","0 - 30k","True","30.0","8","0.6095307868378914"
"Flipped-GARI_d192l12_parammatch_131k_tuned_formal_tissue_ss5000_s10","flipped_gari_d192l12_parammatch_lr1e4_bf16_8gpu_1k_downstream-seqlen=131k","0","0 - 30k","True","30.0","9","0.6312682114181876"
"Flipped-GARI_d192l12_parammatch_131k_tuned_formal_tissue_ss5000_s10","flipped_gari_d192l12_parammatch_lr1e4_bf16_8gpu_1k_downstream-seqlen=131k","0","0 - 30k","True","30.0","10","0.629963480860385"
"Flipped-GARI_d192l12_parammatch_131k_tuned_formal_tissue_ss5000_s10","flipped_gari_d192l12_parammatch_lr1e4_bf16_8gpu_1k_downstream-seqlen=131k","0","0 - 30k","True","100.0","1","0.5595705683983654"
"Flipped-GARI_d192l12_parammatch_131k_tuned_formal_tissue_ss5000_s10","flipped_gari_d192l12_parammatch_lr1e4_bf16_8gpu_1k_downstream-seqlen=131k","0","0 - 30k","True","100.0","2","0.5754998375923144"
"Flipped-GARI_d192l12_parammatch_131k_tuned_formal_tissue_ss5000_s10","flipped_gari_d192l12_parammatch_lr1e4_bf16_8gpu_1k_downstream-seqlen=131k","0","0 - 30k","True","100.0","3","0.5723526239422695"
"Flipped-GARI_d192l12_parammatch_131k_tuned_formal_tissue_ss5000_s10","flipped_gari_d192l12_parammatch_lr1e4_bf16_8gpu_1k_downstream-seqlen=131k","0","0 - 30k","True","100.0","4","0.5789335831035134"
"Flipped-GARI_d192l12_parammatch_131k_tuned_formal_tissue_ss5000_s10","flipped_gari_d192l12_parammatch_lr1e4_bf16_8gpu_1k_downstream-seqlen=131k","0","0 - 30k","True","100.0","5","0.6006096589533716"
"Flipped-GARI_d192l12_parammatch_131k_tuned_formal_tissue_ss5000_s10","flipped_gari_d192l12_parammatch_lr1e4_bf16_8gpu_1k_downstream-seqlen=131k","0","0 - 30k","True","100.0","6","0.5847319892730081"
"Flipped-GARI_d192l12_parammatch_131k_tuned_formal_tissue_ss5000_s10","flipped_gari_d192l12_parammatch_lr1e4_bf16_8gpu_1k_downstream-seqlen=131k","0","0 - 30k","True","100.0","7","0.6097468152161971"
"Flipped-GARI_d192l12_parammatch_131k_tuned_formal_tissue_ss5000_s10","flipped_gari_d192l12_parammatch_lr1e4_bf16_8gpu_1k_downstream-seqlen=131k","0","0 - 30k","True","100.0","8","0.5767838807875274"
"Flipped-GARI_d192l12_parammatch_131k_tuned_formal_tissue_ss5000_s10","flipped_gari_d192l12_parammatch_lr1e4_bf16_8gpu_1k_downstream-seqlen=131k","0","0 - 30k","True","100.0","9","0.6059326124619722"
"Flipped-GARI_d192l12_parammatch_131k_tuned_formal_tissue_ss5000_s10","flipped_gari_d192l12_parammatch_lr1e4_bf16_8gpu_1k_downstream-seqlen=131k","0","0 - 30k","True","100.0","10","0.6193490804586221"
"Flipped-GARI_d192l12_parammatch_131k_tuned_formal_tissue_ss5000_s10","flipped_gari_d192l12_parammatch_lr1e4_bf16_8gpu_1k_downstream-seqlen=131k","1","30 - 100k","True","0.1","1","0.5841759406465289"
"Flipped-GARI_d192l12_parammatch_131k_tuned_formal_tissue_ss5000_s10","flipped_gari_d192l12_parammatch_lr1e4_bf16_8gpu_1k_downstream-seqlen=131k","1","30 - 100k","True","0.1","2","0.5728139904610493"
"Flipped-GARI_d192l12_parammatch_131k_tuned_formal_tissue_ss5000_s10","flipped_gari_d192l12_parammatch_lr1e4_bf16_8gpu_1k_downstream-seqlen=131k","1","30 - 100k","True","0.1","3","0.5813089560148382"
"Flipped-GARI_d192l12_parammatch_131k_tuned_formal_tissue_ss5000_s10","flipped_gari_d192l12_parammatch_lr1e4_bf16_8gpu_1k_downstream-seqlen=131k","1","30 - 100k","True","0.1","4","0.6145521992580816"
"Flipped-GARI_d192l12_parammatch_131k_tuned_formal_tissue_ss5000_s10","flipped_gari_d192l12_parammatch_lr1e4_bf16_8gpu_1k_downstream-seqlen=131k","1","30 - 100k","True","0.1","5","0.5950079491255962"
"Flipped-GARI_d192l12_parammatch_131k_tuned_formal_tissue_ss5000_s10","flipped_gari_d192l12_parammatch_lr1e4_bf16_8gpu_1k_downstream-seqlen=131k","1","30 - 100k","True","0.1","6","0.5803709591944887"
"Flipped-GARI_d192l12_parammatch_131k_tuned_formal_tissue_ss5000_s10","flipped_gari_d192l12_parammatch_lr1e4_bf16_8gpu_1k_downstream-seqlen=131k","1","30 - 100k","True","0.1","7","0.5835506094329624"
"Flipped-GARI_d192l12_parammatch_131k_tuned_formal_tissue_ss5000_s10","flipped_gari_d192l12_parammatch_lr1e4_bf16_8gpu_1k_downstream-seqlen=131k","1","30 - 100k","True","0.1","8","0.5778325384207738"
"Flipped-GARI_d192l12_parammatch_131k_tuned_formal_tissue_ss5000_s10","flipped_gari_d192l12_parammatch_lr1e4_bf16_8gpu_1k_downstream-seqlen=131k","1","30 - 100k","True","0.1","9","0.5730365659777424"
"Flipped-GARI_d192l12_parammatch_131k_tuned_formal_tissue_ss5000_s10","flipped_gari_d192l12_parammatch_lr1e4_bf16_8gpu_1k_downstream-seqlen=131k","1","30 - 100k","True","0.1","10","0.575002649708532"
"Flipped-GARI_d192l12_parammatch_131k_tuned_formal_tissue_ss5000_s10","flipped_gari_d192l12_parammatch_lr1e4_bf16_8gpu_1k_downstream-seqlen=131k","1","30 - 100k","True","0.3","1","0.6008744038155802"
"Flipped-GARI_d192l12_parammatch_131k_tuned_formal_tissue_ss5000_s10","flipped_gari_d192l12_parammatch_lr1e4_bf16_8gpu_1k_downstream-seqlen=131k","1","30 - 100k","True","0.3","2","0.6063540010598835"
"Flipped-GARI_d192l12_parammatch_131k_tuned_formal_tissue_ss5000_s10","flipped_gari_d192l12_parammatch_lr1e4_bf16_8gpu_1k_downstream-seqlen=131k","1","30 - 100k","True","0.3","3","0.6063010068892422"
"Flipped-GARI_d192l12_parammatch_131k_tuned_formal_tissue_ss5000_s10","flipped_gari_d192l12_parammatch_lr1e4_bf16_8gpu_1k_downstream-seqlen=131k","1","30 - 100k","True","0.3","4","0.6221674615792263"
"Flipped-GARI_d192l12_parammatch_131k_tuned_formal_tissue_ss5000_s10","flipped_gari_d192l12_parammatch_lr1e4_bf16_8gpu_1k_downstream-seqlen=131k","1","30 - 100k","True","0.3","5","0.6193004769475358"
"Flipped-GARI_d192l12_parammatch_131k_tuned_formal_tissue_ss5000_s10","flipped_gari_d192l12_parammatch_lr1e4_bf16_8gpu_1k_downstream-seqlen=131k","1","30 - 100k","True","0.3","6","0.5879491255961844"
"Flipped-GARI_d192l12_parammatch_131k_tuned_formal_tissue_ss5000_s10","flipped_gari_d192l12_parammatch_lr1e4_bf16_8gpu_1k_downstream-seqlen=131k","1","30 - 100k","True","0.3","7","0.6054160042395337"
"Flipped-GARI_d192l12_parammatch_131k_tuned_formal_tissue_ss5000_s10","flipped_gari_d192l12_parammatch_lr1e4_bf16_8gpu_1k_downstream-seqlen=131k","1","30 - 100k","True","0.3","8","0.5735506094329624"
"Flipped-GARI_d192l12_parammatch_131k_tuned_formal_tissue_ss5000_s10","flipped_gari_d192l12_parammatch_lr1e4_bf16_8gpu_1k_downstream-seqlen=131k","1","30 - 100k","True","0.3","9","0.6001589825119237"
"Flipped-GARI_d192l12_parammatch_131k_tuned_formal_tissue_ss5000_s10","flipped_gari_d192l12_parammatch_lr1e4_bf16_8gpu_1k_downstream-seqlen=131k","1","30 - 100k","True","0.3","10","0.6484578696343403"
"Flipped-GARI_d192l12_parammatch_131k_tuned_formal_tissue_ss5000_s10","flipped_gari_d192l12_parammatch_lr1e4_bf16_8gpu_1k_downstream-seqlen=131k","1","30 - 100k","True","1.0","1","0.6441759406465288"
"Flipped-GARI_d192l12_parammatch_131k_tuned_formal_tissue_ss5000_s10","flipped_gari_d192l12_parammatch_lr1e4_bf16_8gpu_1k_downstream-seqlen=131k","1","30 - 100k","True","1.0","2","0.6092792792792793"
"Flipped-GARI_d192l12_parammatch_131k_tuned_formal_tissue_ss5000_s10","flipped_gari_d192l12_parammatch_lr1e4_bf16_8gpu_1k_downstream-seqlen=131k","1","30 - 100k","True","1.0","3","0.6130312665606784"
"Flipped-GARI_d192l12_parammatch_131k_tuned_formal_tissue_ss5000_s10","flipped_gari_d192l12_parammatch_lr1e4_bf16_8gpu_1k_downstream-seqlen=131k","1","30 - 100k","True","1.0","4","0.6504663487016428"
"Flipped-GARI_d192l12_parammatch_131k_tuned_formal_tissue_ss5000_s10","flipped_gari_d192l12_parammatch_lr1e4_bf16_8gpu_1k_downstream-seqlen=131k","1","30 - 100k","True","1.0","5","0.6449496555378909"
"Flipped-GARI_d192l12_parammatch_131k_tuned_formal_tissue_ss5000_s10","flipped_gari_d192l12_parammatch_lr1e4_bf16_8gpu_1k_downstream-seqlen=131k","1","30 - 100k","True","1.0","6","0.6009326974032856"
"Flipped-GARI_d192l12_parammatch_131k_tuned_formal_tissue_ss5000_s10","flipped_gari_d192l12_parammatch_lr1e4_bf16_8gpu_1k_downstream-seqlen=131k","1","30 - 100k","True","1.0","7","0.6294859565447801"
"Flipped-GARI_d192l12_parammatch_131k_tuned_formal_tissue_ss5000_s10","flipped_gari_d192l12_parammatch_lr1e4_bf16_8gpu_1k_downstream-seqlen=131k","1","30 - 100k","True","1.0","8","0.5765500794912559"
"Flipped-GARI_d192l12_parammatch_131k_tuned_formal_tissue_ss5000_s10","flipped_gari_d192l12_parammatch_lr1e4_bf16_8gpu_1k_downstream-seqlen=131k","1","30 - 100k","True","1.0","9","0.6309750927397986"
"Flipped-GARI_d192l12_parammatch_131k_tuned_formal_tissue_ss5000_s10","flipped_gari_d192l12_parammatch_lr1e4_bf16_8gpu_1k_downstream-seqlen=131k","1","30 - 100k","True","1.0","10","0.6544356120826709"
"Flipped-GARI_d192l12_parammatch_131k_tuned_formal_tissue_ss5000_s10","flipped_gari_d192l12_parammatch_lr1e4_bf16_8gpu_1k_downstream-seqlen=131k","1","30 - 100k","True","3.0","1","0.6425967143614203"
"Flipped-GARI_d192l12_parammatch_131k_tuned_formal_tissue_ss5000_s10","flipped_gari_d192l12_parammatch_lr1e4_bf16_8gpu_1k_downstream-seqlen=131k","1","30 - 100k","True","3.0","2","0.6331637519872815"
"Flipped-GARI_d192l12_parammatch_131k_tuned_formal_tissue_ss5000_s10","flipped_gari_d192l12_parammatch_lr1e4_bf16_8gpu_1k_downstream-seqlen=131k","1","30 - 100k","True","3.0","3","0.605384207737149"
"Flipped-GARI_d192l12_parammatch_131k_tuned_formal_tissue_ss5000_s10","flipped_gari_d192l12_parammatch_lr1e4_bf16_8gpu_1k_downstream-seqlen=131k","1","30 - 100k","True","3.0","4","0.6778802331743509"
"Flipped-GARI_d192l12_parammatch_131k_tuned_formal_tissue_ss5000_s10","flipped_gari_d192l12_parammatch_lr1e4_bf16_8gpu_1k_downstream-seqlen=131k","1","30 - 100k","True","3.0","5","0.6514785373608902"
"Flipped-GARI_d192l12_parammatch_131k_tuned_formal_tissue_ss5000_s10","flipped_gari_d192l12_parammatch_lr1e4_bf16_8gpu_1k_downstream-seqlen=131k","1","30 - 100k","True","3.0","6","0.5939480657127716"
"Flipped-GARI_d192l12_parammatch_131k_tuned_formal_tissue_ss5000_s10","flipped_gari_d192l12_parammatch_lr1e4_bf16_8gpu_1k_downstream-seqlen=131k","1","30 - 100k","True","3.0","7","0.6220402755696873"
"Flipped-GARI_d192l12_parammatch_131k_tuned_formal_tissue_ss5000_s10","flipped_gari_d192l12_parammatch_lr1e4_bf16_8gpu_1k_downstream-seqlen=131k","1","30 - 100k","True","3.0","8","0.5615686274509804"
"Flipped-GARI_d192l12_parammatch_131k_tuned_formal_tissue_ss5000_s10","flipped_gari_d192l12_parammatch_lr1e4_bf16_8gpu_1k_downstream-seqlen=131k","1","30 - 100k","True","3.0","9","0.6371913089560148"
"Flipped-GARI_d192l12_parammatch_131k_tuned_formal_tissue_ss5000_s10","flipped_gari_d192l12_parammatch_lr1e4_bf16_8gpu_1k_downstream-seqlen=131k","1","30 - 100k","True","3.0","10","0.6604663487016429"
"Flipped-GARI_d192l12_parammatch_131k_tuned_formal_tissue_ss5000_s10","flipped_gari_d192l12_parammatch_lr1e4_bf16_8gpu_1k_downstream-seqlen=131k","1","30 - 100k","True","5.0","1","0.6142289348171701"
"Flipped-GARI_d192l12_parammatch_131k_tuned_formal_tissue_ss5000_s10","flipped_gari_d192l12_parammatch_lr1e4_bf16_8gpu_1k_downstream-seqlen=131k","1","30 - 100k","True","5.0","2","0.6456120826709063"
"Flipped-GARI_d192l12_parammatch_131k_tuned_formal_tissue_ss5000_s10","flipped_gari_d192l12_parammatch_lr1e4_bf16_8gpu_1k_downstream-seqlen=131k","1","30 - 100k","True","5.0","3","0.608235294117647"
"Flipped-GARI_d192l12_parammatch_131k_tuned_formal_tissue_ss5000_s10","flipped_gari_d192l12_parammatch_lr1e4_bf16_8gpu_1k_downstream-seqlen=131k","1","30 - 100k","True","5.0","4","0.6725490196078431"
"Flipped-GARI_d192l12_parammatch_131k_tuned_formal_tissue_ss5000_s10","flipped_gari_d192l12_parammatch_lr1e4_bf16_8gpu_1k_downstream-seqlen=131k","1","30 - 100k","True","5.0","5","0.6450079491255961"
"Flipped-GARI_d192l12_parammatch_131k_tuned_formal_tissue_ss5000_s10","flipped_gari_d192l12_parammatch_lr1e4_bf16_8gpu_1k_downstream-seqlen=131k","1","30 - 100k","True","5.0","6","0.5750132485426603"
"Flipped-GARI_d192l12_parammatch_131k_tuned_formal_tissue_ss5000_s10","flipped_gari_d192l12_parammatch_lr1e4_bf16_8gpu_1k_downstream-seqlen=131k","1","30 - 100k","True","5.0","7","0.6008797032326444"
"Flipped-GARI_d192l12_parammatch_131k_tuned_formal_tissue_ss5000_s10","flipped_gari_d192l12_parammatch_lr1e4_bf16_8gpu_1k_downstream-seqlen=131k","1","30 - 100k","True","5.0","8","0.5979544250132486"
"Flipped-GARI_d192l12_parammatch_131k_tuned_formal_tissue_ss5000_s10","flipped_gari_d192l12_parammatch_lr1e4_bf16_8gpu_1k_downstream-seqlen=131k","1","30 - 100k","True","5.0","9","0.6372655007949126"
"Flipped-GARI_d192l12_parammatch_131k_tuned_formal_tissue_ss5000_s10","flipped_gari_d192l12_parammatch_lr1e4_bf16_8gpu_1k_downstream-seqlen=131k","1","30 - 100k","True","5.0","10","0.6677477477477478"
"Flipped-GARI_d192l12_parammatch_131k_tuned_formal_tissue_ss5000_s10","flipped_gari_d192l12_parammatch_lr1e4_bf16_8gpu_1k_downstream-seqlen=131k","1","30 - 100k","True","10.0","1","0.5952040275569687"
"Flipped-GARI_d192l12_parammatch_131k_tuned_formal_tissue_ss5000_s10","flipped_gari_d192l12_parammatch_lr1e4_bf16_8gpu_1k_downstream-seqlen=131k","1","30 - 100k","True","10.0","2","0.6603762586115528"
"Flipped-GARI_d192l12_parammatch_131k_tuned_formal_tissue_ss5000_s10","flipped_gari_d192l12_parammatch_lr1e4_bf16_8gpu_1k_downstream-seqlen=131k","1","30 - 100k","True","10.0","3","0.6112135665076841"
"Flipped-GARI_d192l12_parammatch_131k_tuned_formal_tissue_ss5000_s10","flipped_gari_d192l12_parammatch_lr1e4_bf16_8gpu_1k_downstream-seqlen=131k","1","30 - 100k","True","10.0","4","0.6560201377848437"
"Flipped-GARI_d192l12_parammatch_131k_tuned_formal_tissue_ss5000_s10","flipped_gari_d192l12_parammatch_lr1e4_bf16_8gpu_1k_downstream-seqlen=131k","1","30 - 100k","True","10.0","5","0.6713725490196079"
"Flipped-GARI_d192l12_parammatch_131k_tuned_formal_tissue_ss5000_s10","flipped_gari_d192l12_parammatch_lr1e4_bf16_8gpu_1k_downstream-seqlen=131k","1","30 - 100k","True","10.0","6","0.6267885532591415"
"Flipped-GARI_d192l12_parammatch_131k_tuned_formal_tissue_ss5000_s10","flipped_gari_d192l12_parammatch_lr1e4_bf16_8gpu_1k_downstream-seqlen=131k","1","30 - 100k","True","10.0","7","0.6016905140434552"
"Flipped-GARI_d192l12_parammatch_131k_tuned_formal_tissue_ss5000_s10","flipped_gari_d192l12_parammatch_lr1e4_bf16_8gpu_1k_downstream-seqlen=131k","1","30 - 100k","True","10.0","8","0.5751404345521993"
"Flipped-GARI_d192l12_parammatch_131k_tuned_formal_tissue_ss5000_s10","flipped_gari_d192l12_parammatch_lr1e4_bf16_8gpu_1k_downstream-seqlen=131k","1","30 - 100k","True","10.0","9","0.6187705352411235"
"Flipped-GARI_d192l12_parammatch_131k_tuned_formal_tissue_ss5000_s10","flipped_gari_d192l12_parammatch_lr1e4_bf16_8gpu_1k_downstream-seqlen=131k","1","30 - 100k","True","10.0","10","0.6298569157392686"
"Flipped-GARI_d192l12_parammatch_131k_tuned_formal_tissue_ss5000_s10","flipped_gari_d192l12_parammatch_lr1e4_bf16_8gpu_1k_downstream-seqlen=131k","1","30 - 100k","True","30.0","1","0.5936248012718601"
"Flipped-GARI_d192l12_parammatch_131k_tuned_formal_tissue_ss5000_s10","flipped_gari_d192l12_parammatch_lr1e4_bf16_8gpu_1k_downstream-seqlen=131k","1","30 - 100k","True","30.0","2","0.6320455749867515"
"Flipped-GARI_d192l12_parammatch_131k_tuned_formal_tissue_ss5000_s10","flipped_gari_d192l12_parammatch_lr1e4_bf16_8gpu_1k_downstream-seqlen=131k","1","30 - 100k","True","30.0","3","0.5895389507154214"
"Flipped-GARI_d192l12_parammatch_131k_tuned_formal_tissue_ss5000_s10","flipped_gari_d192l12_parammatch_lr1e4_bf16_8gpu_1k_downstream-seqlen=131k","1","30 - 100k","True","30.0","4","0.6379491255961844"
"Flipped-GARI_d192l12_parammatch_131k_tuned_formal_tissue_ss5000_s10","flipped_gari_d192l12_parammatch_lr1e4_bf16_8gpu_1k_downstream-seqlen=131k","1","30 - 100k","True","30.0","5","0.651462639109698"
"Flipped-GARI_d192l12_parammatch_131k_tuned_formal_tissue_ss5000_s10","flipped_gari_d192l12_parammatch_lr1e4_bf16_8gpu_1k_downstream-seqlen=131k","1","30 - 100k","True","30.0","6","0.5902225755166932"
"Flipped-GARI_d192l12_parammatch_131k_tuned_formal_tissue_ss5000_s10","flipped_gari_d192l12_parammatch_lr1e4_bf16_8gpu_1k_downstream-seqlen=131k","1","30 - 100k","True","30.0","7","0.6135506094329625"
"Flipped-GARI_d192l12_parammatch_131k_tuned_formal_tissue_ss5000_s10","flipped_gari_d192l12_parammatch_lr1e4_bf16_8gpu_1k_downstream-seqlen=131k","1","30 - 100k","True","30.0","8","0.5646263910969794"
"Flipped-GARI_d192l12_parammatch_131k_tuned_formal_tissue_ss5000_s10","flipped_gari_d192l12_parammatch_lr1e4_bf16_8gpu_1k_downstream-seqlen=131k","1","30 - 100k","True","30.0","9","0.5854213036565978"
"Flipped-GARI_d192l12_parammatch_131k_tuned_formal_tissue_ss5000_s10","flipped_gari_d192l12_parammatch_lr1e4_bf16_8gpu_1k_downstream-seqlen=131k","1","30 - 100k","True","30.0","10","0.6207949125596186"
"Flipped-GARI_d192l12_parammatch_131k_tuned_formal_tissue_ss5000_s10","flipped_gari_d192l12_parammatch_lr1e4_bf16_8gpu_1k_downstream-seqlen=131k","1","30 - 100k","True","100.0","1","0.6249920508744039"
"Flipped-GARI_d192l12_parammatch_131k_tuned_formal_tissue_ss5000_s10","flipped_gari_d192l12_parammatch_lr1e4_bf16_8gpu_1k_downstream-seqlen=131k","1","30 - 100k","True","100.0","2","0.6013089560148384"
"Flipped-GARI_d192l12_parammatch_131k_tuned_formal_tissue_ss5000_s10","flipped_gari_d192l12_parammatch_lr1e4_bf16_8gpu_1k_downstream-seqlen=131k","1","30 - 100k","True","100.0","3","0.5755325914149443"
"Flipped-GARI_d192l12_parammatch_131k_tuned_formal_tissue_ss5000_s10","flipped_gari_d192l12_parammatch_lr1e4_bf16_8gpu_1k_downstream-seqlen=131k","1","30 - 100k","True","100.0","4","0.6097668256491786"
"Flipped-GARI_d192l12_parammatch_131k_tuned_formal_tissue_ss5000_s10","flipped_gari_d192l12_parammatch_lr1e4_bf16_8gpu_1k_downstream-seqlen=131k","1","30 - 100k","True","100.0","5","0.6271224165341812"
"Flipped-GARI_d192l12_parammatch_131k_tuned_formal_tissue_ss5000_s10","flipped_gari_d192l12_parammatch_lr1e4_bf16_8gpu_1k_downstream-seqlen=131k","1","30 - 100k","True","100.0","6","0.5757551669316375"
"Flipped-GARI_d192l12_parammatch_131k_tuned_formal_tissue_ss5000_s10","flipped_gari_d192l12_parammatch_lr1e4_bf16_8gpu_1k_downstream-seqlen=131k","1","30 - 100k","True","100.0","7","0.5679014308426074"
"Flipped-GARI_d192l12_parammatch_131k_tuned_formal_tissue_ss5000_s10","flipped_gari_d192l12_parammatch_lr1e4_bf16_8gpu_1k_downstream-seqlen=131k","1","30 - 100k","True","100.0","8","0.5901854795972443"
"Flipped-GARI_d192l12_parammatch_131k_tuned_formal_tissue_ss5000_s10","flipped_gari_d192l12_parammatch_lr1e4_bf16_8gpu_1k_downstream-seqlen=131k","1","30 - 100k","True","100.0","9","0.5663010068892421"
"Flipped-GARI_d192l12_parammatch_131k_tuned_formal_tissue_ss5000_s10","flipped_gari_d192l12_parammatch_lr1e4_bf16_8gpu_1k_downstream-seqlen=131k","1","30 - 100k","True","100.0","10","0.5859565447800742"
"Flipped-GARI_d192l12_parammatch_131k_tuned_formal_tissue_ss5000_s10","flipped_gari_d192l12_parammatch_lr1e4_bf16_8gpu_1k_downstream-seqlen=131k","2","100k+","True","0.1","1","0.6340949672798992"
"Flipped-GARI_d192l12_parammatch_131k_tuned_formal_tissue_ss5000_s10","flipped_gari_d192l12_parammatch_lr1e4_bf16_8gpu_1k_downstream-seqlen=131k","2","100k+","True","0.1","2","0.6425406787206848"
"Flipped-GARI_d192l12_parammatch_131k_tuned_formal_tissue_ss5000_s10","flipped_gari_d192l12_parammatch_lr1e4_bf16_8gpu_1k_downstream-seqlen=131k","2","100k+","True","0.1","3","0.645004858946925"
"Flipped-GARI_d192l12_parammatch_131k_tuned_formal_tissue_ss5000_s10","flipped_gari_d192l12_parammatch_lr1e4_bf16_8gpu_1k_downstream-seqlen=131k","2","100k+","True","0.1","4","0.6410985528476301"
"Flipped-GARI_d192l12_parammatch_131k_tuned_formal_tissue_ss5000_s10","flipped_gari_d192l12_parammatch_lr1e4_bf16_8gpu_1k_downstream-seqlen=131k","2","100k+","True","0.1","5","0.6433401310718886"
"Flipped-GARI_d192l12_parammatch_131k_tuned_formal_tissue_ss5000_s10","flipped_gari_d192l12_parammatch_lr1e4_bf16_8gpu_1k_downstream-seqlen=131k","2","100k+","True","0.1","6","0.6419638283714628"
"Flipped-GARI_d192l12_parammatch_131k_tuned_formal_tissue_ss5000_s10","flipped_gari_d192l12_parammatch_lr1e4_bf16_8gpu_1k_downstream-seqlen=131k","2","100k+","True","0.1","7","0.6409010833297429"
"Flipped-GARI_d192l12_parammatch_131k_tuned_formal_tissue_ss5000_s10","flipped_gari_d192l12_parammatch_lr1e4_bf16_8gpu_1k_downstream-seqlen=131k","2","100k+","True","0.1","8","0.6406377906392268"
"Flipped-GARI_d192l12_parammatch_131k_tuned_formal_tissue_ss5000_s10","flipped_gari_d192l12_parammatch_lr1e4_bf16_8gpu_1k_downstream-seqlen=131k","2","100k+","True","0.1","9","0.6362707223315287"
"Flipped-GARI_d192l12_parammatch_131k_tuned_formal_tissue_ss5000_s10","flipped_gari_d192l12_parammatch_lr1e4_bf16_8gpu_1k_downstream-seqlen=131k","2","100k+","True","0.1","10","0.6400358078059102"
"Flipped-GARI_d192l12_parammatch_131k_tuned_formal_tissue_ss5000_s10","flipped_gari_d192l12_parammatch_lr1e4_bf16_8gpu_1k_downstream-seqlen=131k","2","100k+","True","0.3","1","0.595095335889666"
"Flipped-GARI_d192l12_parammatch_131k_tuned_formal_tissue_ss5000_s10","flipped_gari_d192l12_parammatch_lr1e4_bf16_8gpu_1k_downstream-seqlen=131k","2","100k+","True","0.3","2","0.5877375019746952"
"Flipped-GARI_d192l12_parammatch_131k_tuned_formal_tissue_ss5000_s10","flipped_gari_d192l12_parammatch_lr1e4_bf16_8gpu_1k_downstream-seqlen=131k","2","100k+","True","0.3","3","0.6027009042907135"
"Flipped-GARI_d192l12_parammatch_131k_tuned_formal_tissue_ss5000_s10","flipped_gari_d192l12_parammatch_lr1e4_bf16_8gpu_1k_downstream-seqlen=131k","2","100k+","True","0.3","4","0.5980454108084043"
"Flipped-GARI_d192l12_parammatch_131k_tuned_formal_tissue_ss5000_s10","flipped_gari_d192l12_parammatch_lr1e4_bf16_8gpu_1k_downstream-seqlen=131k","2","100k+","True","0.3","5","0.6155136840391972"
"Flipped-GARI_d192l12_parammatch_131k_tuned_formal_tissue_ss5000_s10","flipped_gari_d192l12_parammatch_lr1e4_bf16_8gpu_1k_downstream-seqlen=131k","2","100k+","True","0.3","6","0.6106355885549061"
"Flipped-GARI_d192l12_parammatch_131k_tuned_formal_tissue_ss5000_s10","flipped_gari_d192l12_parammatch_lr1e4_bf16_8gpu_1k_downstream-seqlen=131k","2","100k+","True","0.3","7","0.5967600637647025"
"Flipped-GARI_d192l12_parammatch_131k_tuned_formal_tissue_ss5000_s10","flipped_gari_d192l12_parammatch_lr1e4_bf16_8gpu_1k_downstream-seqlen=131k","2","100k+","True","0.3","8","0.593192447808208"
"Flipped-GARI_d192l12_parammatch_131k_tuned_formal_tissue_ss5000_s10","flipped_gari_d192l12_parammatch_lr1e4_bf16_8gpu_1k_downstream-seqlen=131k","2","100k+","True","0.3","9","0.5974027372865534"
"Flipped-GARI_d192l12_parammatch_131k_tuned_formal_tissue_ss5000_s10","flipped_gari_d192l12_parammatch_lr1e4_bf16_8gpu_1k_downstream-seqlen=131k","2","100k+","True","0.3","10","0.595029512717037"
"Flipped-GARI_d192l12_parammatch_131k_tuned_formal_tissue_ss5000_s10","flipped_gari_d192l12_parammatch_lr1e4_bf16_8gpu_1k_downstream-seqlen=131k","2","100k+","True","1.0","1","0.5693692464563198"
"Flipped-GARI_d192l12_parammatch_131k_tuned_formal_tissue_ss5000_s10","flipped_gari_d192l12_parammatch_lr1e4_bf16_8gpu_1k_downstream-seqlen=131k","2","100k+","True","1.0","2","0.5866400501692254"
"Flipped-GARI_d192l12_parammatch_131k_tuned_formal_tissue_ss5000_s10","flipped_gari_d192l12_parammatch_lr1e4_bf16_8gpu_1k_downstream-seqlen=131k","2","100k+","True","1.0","3","0.5822729818615271"
"Flipped-GARI_d192l12_parammatch_131k_tuned_formal_tissue_ss5000_s10","flipped_gari_d192l12_parammatch_lr1e4_bf16_8gpu_1k_downstream-seqlen=131k","2","100k+","True","1.0","4","0.5683723245872289"
"Flipped-GARI_d192l12_parammatch_131k_tuned_formal_tissue_ss5000_s10","flipped_gari_d192l12_parammatch_lr1e4_bf16_8gpu_1k_downstream-seqlen=131k","2","100k+","True","1.0","5","0.5781692062443452"
"Flipped-GARI_d192l12_parammatch_131k_tuned_formal_tissue_ss5000_s10","flipped_gari_d192l12_parammatch_lr1e4_bf16_8gpu_1k_downstream-seqlen=131k","2","100k+","True","1.0","6","0.5794545532880471"
"Flipped-GARI_d192l12_parammatch_131k_tuned_formal_tissue_ss5000_s10","flipped_gari_d192l12_parammatch_lr1e4_bf16_8gpu_1k_downstream-seqlen=131k","2","100k+","True","1.0","7","0.5806992096432144"
"Flipped-GARI_d192l12_parammatch_131k_tuned_formal_tissue_ss5000_s10","flipped_gari_d192l12_parammatch_lr1e4_bf16_8gpu_1k_downstream-seqlen=131k","2","100k+","True","1.0","8","0.577197416859349"
"Flipped-GARI_d192l12_parammatch_131k_tuned_formal_tissue_ss5000_s10","flipped_gari_d192l12_parammatch_lr1e4_bf16_8gpu_1k_downstream-seqlen=131k","2","100k+","True","1.0","9","0.5730278180695381"
"Flipped-GARI_d192l12_parammatch_131k_tuned_formal_tissue_ss5000_s10","flipped_gari_d192l12_parammatch_lr1e4_bf16_8gpu_1k_downstream-seqlen=131k","2","100k+","True","1.0","10","0.5763321413355162"
"Flipped-GARI_d192l12_parammatch_131k_tuned_formal_tissue_ss5000_s10","flipped_gari_d192l12_parammatch_lr1e4_bf16_8gpu_1k_downstream-seqlen=131k","2","100k+","True","3.0","1","0.5437089801956025"
"Flipped-GARI_d192l12_parammatch_131k_tuned_formal_tissue_ss5000_s10","flipped_gari_d192l12_parammatch_lr1e4_bf16_8gpu_1k_downstream-seqlen=131k","2","100k+","True","3.0","2","0.551380371769279"
"Flipped-GARI_d192l12_parammatch_131k_tuned_formal_tissue_ss5000_s10","flipped_gari_d192l12_parammatch_lr1e4_bf16_8gpu_1k_downstream-seqlen=131k","2","100k+","True","3.0","3","0.5377932721536864"
"Flipped-GARI_d192l12_parammatch_131k_tuned_formal_tissue_ss5000_s10","flipped_gari_d192l12_parammatch_lr1e4_bf16_8gpu_1k_downstream-seqlen=131k","2","100k+","True","3.0","4","0.5489413240271335"
"Flipped-GARI_d192l12_parammatch_131k_tuned_formal_tissue_ss5000_s10","flipped_gari_d192l12_parammatch_lr1e4_bf16_8gpu_1k_downstream-seqlen=131k","2","100k+","True","3.0","5","0.5486528988525227"
"Flipped-GARI_d192l12_parammatch_131k_tuned_formal_tissue_ss5000_s10","flipped_gari_d192l12_parammatch_lr1e4_bf16_8gpu_1k_downstream-seqlen=131k","2","100k+","True","3.0","6","0.5329151766693954"
"Flipped-GARI_d192l12_parammatch_131k_tuned_formal_tissue_ss5000_s10","flipped_gari_d192l12_parammatch_lr1e4_bf16_8gpu_1k_downstream-seqlen=131k","2","100k+","True","3.0","7","0.5466590551143408"
"Flipped-GARI_d192l12_parammatch_131k_tuned_formal_tissue_ss5000_s10","flipped_gari_d192l12_parammatch_lr1e4_bf16_8gpu_1k_downstream-seqlen=131k","2","100k+","True","3.0","8","0.5403639662410901"
"Flipped-GARI_d192l12_parammatch_131k_tuned_formal_tissue_ss5000_s10","flipped_gari_d192l12_parammatch_lr1e4_bf16_8gpu_1k_downstream-seqlen=131k","2","100k+","True","3.0","9","0.5345799045444319"
"Flipped-GARI_d192l12_parammatch_131k_tuned_formal_tissue_ss5000_s10","flipped_gari_d192l12_parammatch_lr1e4_bf16_8gpu_1k_downstream-seqlen=131k","2","100k+","True","3.0","10","0.5437999358523262"
"Flipped-GARI_d192l12_parammatch_131k_tuned_formal_tissue_ss5000_s10","flipped_gari_d192l12_parammatch_lr1e4_bf16_8gpu_1k_downstream-seqlen=131k","2","100k+","True","5.0","1","0.5497156438942424"
"Flipped-GARI_d192l12_parammatch_131k_tuned_formal_tissue_ss5000_s10","flipped_gari_d192l12_parammatch_lr1e4_bf16_8gpu_1k_downstream-seqlen=131k","2","100k+","True","5.0","2","0.5555906612476242"
"Flipped-GARI_d192l12_parammatch_131k_tuned_formal_tissue_ss5000_s10","flipped_gari_d192l12_parammatch_lr1e4_bf16_8gpu_1k_downstream-seqlen=131k","2","100k+","True","5.0","3","0.5530199671602207"
"Flipped-GARI_d192l12_parammatch_131k_tuned_formal_tissue_ss5000_s10","flipped_gari_d192l12_parammatch_lr1e4_bf16_8gpu_1k_downstream-seqlen=131k","2","100k+","True","5.0","4","0.552154691636388"
"Flipped-GARI_d192l12_parammatch_131k_tuned_formal_tissue_ss5000_s10","flipped_gari_d192l12_parammatch_lr1e4_bf16_8gpu_1k_downstream-seqlen=131k","2","100k+","True","5.0","5","0.5582930016802861"
"Flipped-GARI_d192l12_parammatch_131k_tuned_formal_tissue_ss5000_s10","flipped_gari_d192l12_parammatch_lr1e4_bf16_8gpu_1k_downstream-seqlen=131k","2","100k+","True","5.0","6","0.5431979530190096"
"Flipped-GARI_d192l12_parammatch_131k_tuned_formal_tissue_ss5000_s10","flipped_gari_d192l12_parammatch_lr1e4_bf16_8gpu_1k_downstream-seqlen=131k","2","100k+","True","5.0","7","0.5512235929399262"
"Flipped-GARI_d192l12_parammatch_131k_tuned_formal_tissue_ss5000_s10","flipped_gari_d192l12_parammatch_lr1e4_bf16_8gpu_1k_downstream-seqlen=131k","2","100k+","True","5.0","8","0.546790701459599"
"Flipped-GARI_d192l12_parammatch_131k_tuned_formal_tissue_ss5000_s10","flipped_gari_d192l12_parammatch_lr1e4_bf16_8gpu_1k_downstream-seqlen=131k","2","100k+","True","5.0","9","0.5500040690688535"
"Flipped-GARI_d192l12_parammatch_131k_tuned_formal_tissue_ss5000_s10","flipped_gari_d192l12_parammatch_lr1e4_bf16_8gpu_1k_downstream-seqlen=131k","2","100k+","True","5.0","10","0.5473675518088208"
"Flipped-GARI_d192l12_parammatch_131k_tuned_formal_tissue_ss5000_s10","flipped_gari_d192l12_parammatch_lr1e4_bf16_8gpu_1k_downstream-seqlen=131k","2","100k+","True","10.0","1","0.5363918369691661"
"Flipped-GARI_d192l12_parammatch_131k_tuned_formal_tissue_ss5000_s10","flipped_gari_d192l12_parammatch_lr1e4_bf16_8gpu_1k_downstream-seqlen=131k","2","100k+","True","10.0","2","0.5348180647508533"
"Flipped-GARI_d192l12_parammatch_131k_tuned_formal_tissue_ss5000_s10","flipped_gari_d192l12_parammatch_lr1e4_bf16_8gpu_1k_downstream-seqlen=131k","2","100k+","True","10.0","3","0.5444833000627115"
"Flipped-GARI_d192l12_parammatch_131k_tuned_formal_tissue_ss5000_s10","flipped_gari_d192l12_parammatch_lr1e4_bf16_8gpu_1k_downstream-seqlen=131k","2","100k+","True","10.0","4","0.547276596152097"
"Flipped-GARI_d192l12_parammatch_131k_tuned_formal_tissue_ss5000_s10","flipped_gari_d192l12_parammatch_lr1e4_bf16_8gpu_1k_downstream-seqlen=131k","2","100k+","True","10.0","5","0.5380972555327369"
"Flipped-GARI_d192l12_parammatch_131k_tuned_formal_tissue_ss5000_s10","flipped_gari_d192l12_parammatch_lr1e4_bf16_8gpu_1k_downstream-seqlen=131k","2","100k+","True","10.0","6","0.5405614357589771"
"Flipped-GARI_d192l12_parammatch_131k_tuned_formal_tissue_ss5000_s10","flipped_gari_d192l12_parammatch_lr1e4_bf16_8gpu_1k_downstream-seqlen=131k","2","100k+","True","10.0","7","0.5404704801022533"
"Flipped-GARI_d192l12_parammatch_131k_tuned_formal_tissue_ss5000_s10","flipped_gari_d192l12_parammatch_lr1e4_bf16_8gpu_1k_downstream-seqlen=131k","2","100k+","True","10.0","8","0.547276596152097"
"Flipped-GARI_d192l12_parammatch_131k_tuned_formal_tissue_ss5000_s10","flipped_gari_d192l12_parammatch_lr1e4_bf16_8gpu_1k_downstream-seqlen=131k","2","100k+","True","10.0","9","0.5484961200231698"
"Flipped-GARI_d192l12_parammatch_131k_tuned_formal_tissue_ss5000_s10","flipped_gari_d192l12_parammatch_lr1e4_bf16_8gpu_1k_downstream-seqlen=131k","2","100k+","True","10.0","10","0.5414925344554389"
"Flipped-GARI_d192l12_parammatch_131k_tuned_formal_tissue_ss5000_s10","flipped_gari_d192l12_parammatch_lr1e4_bf16_8gpu_1k_downstream-seqlen=131k","2","100k+","True","30.0","1","0.5349748435802061"
"Flipped-GARI_d192l12_parammatch_131k_tuned_formal_tissue_ss5000_s10","flipped_gari_d192l12_parammatch_lr1e4_bf16_8gpu_1k_downstream-seqlen=131k","2","100k+","True","30.0","2","0.5351974455821881"
"Flipped-GARI_d192l12_parammatch_131k_tuned_formal_tissue_ss5000_s10","flipped_gari_d192l12_parammatch_lr1e4_bf16_8gpu_1k_downstream-seqlen=131k","2","100k+","True","30.0","3","0.5403639662410901"
"Flipped-GARI_d192l12_parammatch_131k_tuned_formal_tissue_ss5000_s10","flipped_gari_d192l12_parammatch_lr1e4_bf16_8gpu_1k_downstream-seqlen=131k","2","100k+","True","30.0","4","0.5431321298463807"
"Flipped-GARI_d192l12_parammatch_131k_tuned_formal_tissue_ss5000_s10","flipped_gari_d192l12_parammatch_lr1e4_bf16_8gpu_1k_downstream-seqlen=131k","2","100k+","True","30.0","5","0.5419126059753079"
"Flipped-GARI_d192l12_parammatch_131k_tuned_formal_tissue_ss5000_s10","flipped_gari_d192l12_parammatch_lr1e4_bf16_8gpu_1k_downstream-seqlen=131k","2","100k+","True","30.0","6","0.5423578099792717"
"Flipped-GARI_d192l12_parammatch_131k_tuned_formal_tissue_ss5000_s10","flipped_gari_d192l12_parammatch_lr1e4_bf16_8gpu_1k_downstream-seqlen=131k","2","100k+","True","30.0","7","0.5364169694532607"
"Flipped-GARI_d192l12_parammatch_131k_tuned_formal_tissue_ss5000_s10","flipped_gari_d192l12_parammatch_lr1e4_bf16_8gpu_1k_downstream-seqlen=131k","2","100k+","True","30.0","8","0.5342005237130971"
"Flipped-GARI_d192l12_parammatch_131k_tuned_formal_tissue_ss5000_s10","flipped_gari_d192l12_parammatch_lr1e4_bf16_8gpu_1k_downstream-seqlen=131k","2","100k+","True","30.0","9","0.5382791668461844"
"Flipped-GARI_d192l12_parammatch_131k_tuned_formal_tissue_ss5000_s10","flipped_gari_d192l12_parammatch_lr1e4_bf16_8gpu_1k_downstream-seqlen=131k","2","100k+","True","30.0","10","0.5428688371558645"
"Flipped-GARI_d192l12_parammatch_131k_tuned_formal_tissue_ss5000_s10","flipped_gari_d192l12_parammatch_lr1e4_bf16_8gpu_1k_downstream-seqlen=131k","2","100k+","True","100.0","1","0.5268426897981263"
"Flipped-GARI_d192l12_parammatch_131k_tuned_formal_tissue_ss5000_s10","flipped_gari_d192l12_parammatch_lr1e4_bf16_8gpu_1k_downstream-seqlen=131k","2","100k+","True","100.0","2","0.5228298698376681"
"Flipped-GARI_d192l12_parammatch_131k_tuned_formal_tissue_ss5000_s10","flipped_gari_d192l12_parammatch_lr1e4_bf16_8gpu_1k_downstream-seqlen=131k","2","100k+","True","100.0","3","0.5471700822909336"
"Flipped-GARI_d192l12_parammatch_131k_tuned_formal_tissue_ss5000_s10","flipped_gari_d192l12_parammatch_lr1e4_bf16_8gpu_1k_downstream-seqlen=131k","2","100k+","True","100.0","4","0.5282596831870862"
"Flipped-GARI_d192l12_parammatch_131k_tuned_formal_tissue_ss5000_s10","flipped_gari_d192l12_parammatch_lr1e4_bf16_8gpu_1k_downstream-seqlen=131k","2","100k+","True","100.0","5","0.5160237537878244"
"Flipped-GARI_d192l12_parammatch_131k_tuned_formal_tissue_ss5000_s10","flipped_gari_d192l12_parammatch_lr1e4_bf16_8gpu_1k_downstream-seqlen=131k","2","100k+","True","100.0","6","0.5285074176731628"
"Flipped-GARI_d192l12_parammatch_131k_tuned_formal_tissue_ss5000_s10","flipped_gari_d192l12_parammatch_lr1e4_bf16_8gpu_1k_downstream-seqlen=131k","2","100k+","True","100.0","7","0.5250463155778318"
"Flipped-GARI_d192l12_parammatch_131k_tuned_formal_tissue_ss5000_s10","flipped_gari_d192l12_parammatch_lr1e4_bf16_8gpu_1k_downstream-seqlen=131k","2","100k+","True","100.0","8","0.5249804924052027"
"Flipped-GARI_d192l12_parammatch_131k_tuned_formal_tissue_ss5000_s10","flipped_gari_d192l12_parammatch_lr1e4_bf16_8gpu_1k_downstream-seqlen=131k","2","100k+","True","100.0","9","0.5148951855734755"
"Flipped-GARI_d192l12_parammatch_131k_tuned_formal_tissue_ss5000_s10","flipped_gari_d192l12_parammatch_lr1e4_bf16_8gpu_1k_downstream-seqlen=131k","2","100k+","True","100.0","10","0.5338714078499519"
