"model_name","embed_path","train_embed_path","test_embed_path","train_key","test_key","score_mode","bucket_id","Distance to TSS","use_tissue","C","seed","AUROC"
"Flipped-GARI_random_init_131k_normal_hard_label_paper","flipped_gari_d192l12_randominit_downstream-seqlen=131k_ablation","flipped_gari_d192l12_randominit_downstream-seqlen=131k_ablation","flipped_gari_d192l12_randominit_downstream-seqlen=131k_ablation","concat_avg_ws","concat_avg_ws","hard_label","0","0 - 30k","True","0.1","1","0.6641415006089694"
"Flipped-GARI_random_init_131k_normal_hard_label_paper","flipped_gari_d192l12_randominit_downstream-seqlen=131k_ablation","flipped_gari_d192l12_randominit_downstream-seqlen=131k_ablation","flipped_gari_d192l12_randominit_downstream-seqlen=131k_ablation","concat_avg_ws","concat_avg_ws","hard_label","0","0 - 30k","True","0.1","2","0.6673174863380182"
"Flipped-GARI_random_init_131k_normal_hard_label_paper","flipped_gari_d192l12_randominit_downstream-seqlen=131k_ablation","flipped_gari_d192l12_randominit_downstream-seqlen=131k_ablation","flipped_gari_d192l12_randominit_downstream-seqlen=131k_ablation","concat_avg_ws","concat_avg_ws","hard_label","0","0 - 30k","True","0.1","3","0.6609356727649207"
"Flipped-GARI_random_init_131k_normal_hard_label_paper","flipped_gari_d192l12_randominit_downstream-seqlen=131k_ablation","flipped_gari_d192l12_randominit_downstream-seqlen=131k_ablation","flipped_gari_d192l12_randominit_downstream-seqlen=131k_ablation","concat_avg_ws","concat_avg_ws","hard_label","0","0 - 30k","True","0.1","4","0.6659644852675065"
"Flipped-GARI_random_init_131k_normal_hard_label_paper","flipped_gari_d192l12_randominit_downstream-seqlen=131k_ablation","flipped_gari_d192l12_randominit_downstream-seqlen=131k_ablation","flipped_gari_d192l12_randominit_downstream-seqlen=131k_ablation","concat_avg_ws","concat_avg_ws","hard_label","0","0 - 30k","True","0.1","5","0.6559491861306215"
"Flipped-GARI_random_init_131k_normal_hard_label_paper","flipped_gari_d192l12_randominit_downstream-seqlen=131k_ablation","flipped_gari_d192l12_randominit_downstream-seqlen=131k_ablation","flipped_gari_d192l12_randominit_downstream-seqlen=131k_ablation","concat_avg_ws","concat_avg_ws","hard_label","0","0 - 30k","True","0.1","6","0.6622772601181416"
"Flipped-GARI_random_init_131k_normal_hard_label_paper","flipped_gari_d192l12_randominit_downstream-seqlen=131k_ablation","flipped_gari_d192l12_randominit_downstream-seqlen=131k_ablation","flipped_gari_d192l12_randominit_downstream-seqlen=131k_ablation","concat_avg_ws","concat_avg_ws","hard_label","0","0 - 30k","True","0.1","7","0.6648899313417349"
"Flipped-GARI_random_init_131k_normal_hard_label_paper","flipped_gari_d192l12_randominit_downstream-seqlen=131k_ablation","flipped_gari_d192l12_randominit_downstream-seqlen=131k_ablation","flipped_gari_d192l12_randominit_downstream-seqlen=131k_ablation","concat_avg_ws","concat_avg_ws","hard_label","0","0 - 30k","True","0.1","8","0.6560501261929118"
"Flipped-GARI_random_init_131k_normal_hard_label_paper","flipped_gari_d192l12_randominit_downstream-seqlen=131k_ablation","flipped_gari_d192l12_randominit_downstream-seqlen=131k_ablation","flipped_gari_d192l12_randominit_downstream-seqlen=131k_ablation","concat_avg_ws","concat_avg_ws","hard_label","0","0 - 30k","True","0.1","9","0.6641952401945468"
"Flipped-GARI_random_init_131k_normal_hard_label_paper","flipped_gari_d192l12_randominit_downstream-seqlen=131k_ablation","flipped_gari_d192l12_randominit_downstream-seqlen=131k_ablation","flipped_gari_d192l12_randominit_downstream-seqlen=131k_ablation","concat_avg_ws","concat_avg_ws","hard_label","0","0 - 30k","True","0.1","10","0.6634658323239326"
"Flipped-GARI_random_init_131k_normal_hard_label_paper","flipped_gari_d192l12_randominit_downstream-seqlen=131k_ablation","flipped_gari_d192l12_randominit_downstream-seqlen=131k_ablation","flipped_gari_d192l12_randominit_downstream-seqlen=131k_ablation","concat_avg_ws","concat_avg_ws","hard_label","0","0 - 30k","True","0.3","1","0.6573233501352763"
"Flipped-GARI_random_init_131k_normal_hard_label_paper","flipped_gari_d192l12_randominit_downstream-seqlen=131k_ablation","flipped_gari_d192l12_randominit_downstream-seqlen=131k_ablation","flipped_gari_d192l12_randominit_downstream-seqlen=131k_ablation","concat_avg_ws","concat_avg_ws","hard_label","0","0 - 30k","True","0.3","2","0.6657924472579257"
"Flipped-GARI_random_init_131k_normal_hard_label_paper","flipped_gari_d192l12_randominit_downstream-seqlen=131k_ablation","flipped_gari_d192l12_randominit_downstream-seqlen=131k_ablation","flipped_gari_d192l12_randominit_downstream-seqlen=131k_ablation","concat_avg_ws","concat_avg_ws","hard_label","0","0 - 30k","True","0.3","3","0.6578259103747361"
"Flipped-GARI_random_init_131k_normal_hard_label_paper","flipped_gari_d192l12_randominit_downstream-seqlen=131k_ablation","flipped_gari_d192l12_randominit_downstream-seqlen=131k_ablation","flipped_gari_d192l12_randominit_downstream-seqlen=131k_ablation","concat_avg_ws","concat_avg_ws","hard_label","0","0 - 30k","True","0.3","4","0.6606051505350418"
"Flipped-GARI_random_init_131k_normal_hard_label_paper","flipped_gari_d192l12_randominit_downstream-seqlen=131k_ablation","flipped_gari_d192l12_randominit_downstream-seqlen=131k_ablation","flipped_gari_d192l12_randominit_downstream-seqlen=131k_ablation","concat_avg_ws","concat_avg_ws","hard_label","0","0 - 30k","True","0.3","5","0.6619006074475456"
"Flipped-GARI_random_init_131k_normal_hard_label_paper","flipped_gari_d192l12_randominit_downstream-seqlen=131k_ablation","flipped_gari_d192l12_randominit_downstream-seqlen=131k_ablation","flipped_gari_d192l12_randominit_downstream-seqlen=131k_ablation","concat_avg_ws","concat_avg_ws","hard_label","0","0 - 30k","True","0.3","6","0.653568831611051"
"Flipped-GARI_random_init_131k_normal_hard_label_paper","flipped_gari_d192l12_randominit_downstream-seqlen=131k_ablation","flipped_gari_d192l12_randominit_downstream-seqlen=131k_ablation","flipped_gari_d192l12_randominit_downstream-seqlen=131k_ablation","concat_avg_ws","concat_avg_ws","hard_label","0","0 - 30k","True","0.3","7","0.6684023839450848"
"Flipped-GARI_random_init_131k_normal_hard_label_paper","flipped_gari_d192l12_randominit_downstream-seqlen=131k_ablation","flipped_gari_d192l12_randominit_downstream-seqlen=131k_ablation","flipped_gari_d192l12_randominit_downstream-seqlen=131k_ablation","concat_avg_ws","concat_avg_ws","hard_label","0","0 - 30k","True","0.3","8","0.6647509455551419"
"Flipped-GARI_random_init_131k_normal_hard_label_paper","flipped_gari_d192l12_randominit_downstream-seqlen=131k_ablation","flipped_gari_d192l12_randominit_downstream-seqlen=131k_ablation","flipped_gari_d192l12_randominit_downstream-seqlen=131k_ablation","concat_avg_ws","concat_avg_ws","hard_label","0","0 - 30k","True","0.3","9","0.66019758571345"
"Flipped-GARI_random_init_131k_normal_hard_label_paper","flipped_gari_d192l12_randominit_downstream-seqlen=131k_ablation","flipped_gari_d192l12_randominit_downstream-seqlen=131k_ablation","flipped_gari_d192l12_randominit_downstream-seqlen=131k_ablation","concat_avg_ws","concat_avg_ws","hard_label","0","0 - 30k","True","0.3","10","0.657301117165137"
"Flipped-GARI_random_init_131k_normal_hard_label_paper","flipped_gari_d192l12_randominit_downstream-seqlen=131k_ablation","flipped_gari_d192l12_randominit_downstream-seqlen=131k_ablation","flipped_gari_d192l12_randominit_downstream-seqlen=131k_ablation","concat_avg_ws","concat_avg_ws","hard_label","0","0 - 30k","True","1.0","1","0.661081673231932"
"Flipped-GARI_random_init_131k_normal_hard_label_paper","flipped_gari_d192l12_randominit_downstream-seqlen=131k_ablation","flipped_gari_d192l12_randominit_downstream-seqlen=131k_ablation","flipped_gari_d192l12_randominit_downstream-seqlen=131k_ablation","concat_avg_ws","concat_avg_ws","hard_label","0","0 - 30k","True","1.0","2","0.657048231991413"
"Flipped-GARI_random_init_131k_normal_hard_label_paper","flipped_gari_d192l12_randominit_downstream-seqlen=131k_ablation","flipped_gari_d192l12_randominit_downstream-seqlen=131k_ablation","flipped_gari_d192l12_randominit_downstream-seqlen=131k_ablation","concat_avg_ws","concat_avg_ws","hard_label","0","0 - 30k","True","1.0","3","0.6468033506869394"
"Flipped-GARI_random_init_131k_normal_hard_label_paper","flipped_gari_d192l12_randominit_downstream-seqlen=131k_ablation","flipped_gari_d192l12_randominit_downstream-seqlen=131k_ablation","flipped_gari_d192l12_randominit_downstream-seqlen=131k_ablation","concat_avg_ws","concat_avg_ws","hard_label","0","0 - 30k","True","1.0","4","0.6566976168633868"
"Flipped-GARI_random_init_131k_normal_hard_label_paper","flipped_gari_d192l12_randominit_downstream-seqlen=131k_ablation","flipped_gari_d192l12_randominit_downstream-seqlen=131k_ablation","flipped_gari_d192l12_randominit_downstream-seqlen=131k_ablation","concat_avg_ws","concat_avg_ws","hard_label","0","0 - 30k","True","1.0","5","0.6567035615078091"
"Flipped-GARI_random_init_131k_normal_hard_label_paper","flipped_gari_d192l12_randominit_downstream-seqlen=131k_ablation","flipped_gari_d192l12_randominit_downstream-seqlen=131k_ablation","flipped_gari_d192l12_randominit_downstream-seqlen=131k_ablation","concat_avg_ws","concat_avg_ws","hard_label","0","0 - 30k","True","1.0","6","0.6562921921137872"
"Flipped-GARI_random_init_131k_normal_hard_label_paper","flipped_gari_d192l12_randominit_downstream-seqlen=131k_ablation","flipped_gari_d192l12_randominit_downstream-seqlen=131k_ablation","flipped_gari_d192l12_randominit_downstream-seqlen=131k_ablation","concat_avg_ws","concat_avg_ws","hard_label","0","0 - 30k","True","1.0","7","0.6480668254124513"
"Flipped-GARI_random_init_131k_normal_hard_label_paper","flipped_gari_d192l12_randominit_downstream-seqlen=131k_ablation","flipped_gari_d192l12_randominit_downstream-seqlen=131k_ablation","flipped_gari_d192l12_randominit_downstream-seqlen=131k_ablation","concat_avg_ws","concat_avg_ws","hard_label","0","0 - 30k","True","1.0","8","0.6530093216780256"
"Flipped-GARI_random_init_131k_normal_hard_label_paper","flipped_gari_d192l12_randominit_downstream-seqlen=131k_ablation","flipped_gari_d192l12_randominit_downstream-seqlen=131k_ablation","flipped_gari_d192l12_randominit_downstream-seqlen=131k_ablation","concat_avg_ws","concat_avg_ws","hard_label","0","0 - 30k","True","1.0","9","0.6595132382475568"
"Flipped-GARI_random_init_131k_normal_hard_label_paper","flipped_gari_d192l12_randominit_downstream-seqlen=131k_ablation","flipped_gari_d192l12_randominit_downstream-seqlen=131k_ablation","flipped_gari_d192l12_randominit_downstream-seqlen=131k_ablation","concat_avg_ws","concat_avg_ws","hard_label","0","0 - 30k","True","1.0","10","0.6489606621477858"
"Flipped-GARI_random_init_131k_normal_hard_label_paper","flipped_gari_d192l12_randominit_downstream-seqlen=131k_ablation","flipped_gari_d192l12_randominit_downstream-seqlen=131k_ablation","flipped_gari_d192l12_randominit_downstream-seqlen=131k_ablation","concat_avg_ws","concat_avg_ws","hard_label","0","0 - 30k","True","3.0","1","0.6309804906281492"
"Flipped-GARI_random_init_131k_normal_hard_label_paper","flipped_gari_d192l12_randominit_downstream-seqlen=131k_ablation","flipped_gari_d192l12_randominit_downstream-seqlen=131k_ablation","flipped_gari_d192l12_randominit_downstream-seqlen=131k_ablation","concat_avg_ws","concat_avg_ws","hard_label","0","0 - 30k","True","3.0","2","0.6350557821654009"
"Flipped-GARI_random_init_131k_normal_hard_label_paper","flipped_gari_d192l12_randominit_downstream-seqlen=131k_ablation","flipped_gari_d192l12_randominit_downstream-seqlen=131k_ablation","flipped_gari_d192l12_randominit_downstream-seqlen=131k_ablation","concat_avg_ws","concat_avg_ws","hard_label","0","0 - 30k","True","3.0","3","0.6370990753462279"
"Flipped-GARI_random_init_131k_normal_hard_label_paper","flipped_gari_d192l12_randominit_downstream-seqlen=131k_ablation","flipped_gari_d192l12_randominit_downstream-seqlen=131k_ablation","flipped_gari_d192l12_randominit_downstream-seqlen=131k_ablation","concat_avg_ws","concat_avg_ws","hard_label","0","0 - 30k","True","3.0","4","0.6251278693015233"
"Flipped-GARI_random_init_131k_normal_hard_label_paper","flipped_gari_d192l12_randominit_downstream-seqlen=131k_ablation","flipped_gari_d192l12_randominit_downstream-seqlen=131k_ablation","flipped_gari_d192l12_randominit_downstream-seqlen=131k_ablation","concat_avg_ws","concat_avg_ws","hard_label","0","0 - 30k","True","3.0","5","0.6298206905013617"
"Flipped-GARI_random_init_131k_normal_hard_label_paper","flipped_gari_d192l12_randominit_downstream-seqlen=131k_ablation","flipped_gari_d192l12_randominit_downstream-seqlen=131k_ablation","flipped_gari_d192l12_randominit_downstream-seqlen=131k_ablation","concat_avg_ws","concat_avg_ws","hard_label","0","0 - 30k","True","3.0","6","0.6293398876604875"
"Flipped-GARI_random_init_131k_normal_hard_label_paper","flipped_gari_d192l12_randominit_downstream-seqlen=131k_ablation","flipped_gari_d192l12_randominit_downstream-seqlen=131k_ablation","flipped_gari_d192l12_randominit_downstream-seqlen=131k_ablation","concat_avg_ws","concat_avg_ws","hard_label","0","0 - 30k","True","3.0","7","0.6331530203787167"
"Flipped-GARI_random_init_131k_normal_hard_label_paper","flipped_gari_d192l12_randominit_downstream-seqlen=131k_ablation","flipped_gari_d192l12_randominit_downstream-seqlen=131k_ablation","flipped_gari_d192l12_randominit_downstream-seqlen=131k_ablation","concat_avg_ws","concat_avg_ws","hard_label","0","0 - 30k","True","3.0","8","0.6177301159966577"
"Flipped-GARI_random_init_131k_normal_hard_label_paper","flipped_gari_d192l12_randominit_downstream-seqlen=131k_ablation","flipped_gari_d192l12_randominit_downstream-seqlen=131k_ablation","flipped_gari_d192l12_randominit_downstream-seqlen=131k_ablation","concat_avg_ws","concat_avg_ws","hard_label","0","0 - 30k","True","3.0","9","0.6422988558223987"
"Flipped-GARI_random_init_131k_normal_hard_label_paper","flipped_gari_d192l12_randominit_downstream-seqlen=131k_ablation","flipped_gari_d192l12_randominit_downstream-seqlen=131k_ablation","flipped_gari_d192l12_randominit_downstream-seqlen=131k_ablation","concat_avg_ws","concat_avg_ws","hard_label","0","0 - 30k","True","3.0","10","0.6226688076898018"
"Flipped-GARI_random_init_131k_normal_hard_label_paper","flipped_gari_d192l12_randominit_downstream-seqlen=131k_ablation","flipped_gari_d192l12_randominit_downstream-seqlen=131k_ablation","flipped_gari_d192l12_randominit_downstream-seqlen=131k_ablation","concat_avg_ws","concat_avg_ws","hard_label","0","0 - 30k","True","5.0","1","0.6266290109110382"
"Flipped-GARI_random_init_131k_normal_hard_label_paper","flipped_gari_d192l12_randominit_downstream-seqlen=131k_ablation","flipped_gari_d192l12_randominit_downstream-seqlen=131k_ablation","flipped_gari_d192l12_randominit_downstream-seqlen=131k_ablation","concat_avg_ws","concat_avg_ws","hard_label","0","0 - 30k","True","5.0","2","0.6239697336751742"
"Flipped-GARI_random_init_131k_normal_hard_label_paper","flipped_gari_d192l12_randominit_downstream-seqlen=131k_ablation","flipped_gari_d192l12_randominit_downstream-seqlen=131k_ablation","flipped_gari_d192l12_randominit_downstream-seqlen=131k_ablation","concat_avg_ws","concat_avg_ws","hard_label","0","0 - 30k","True","5.0","3","0.618195224976257"
"Flipped-GARI_random_init_131k_normal_hard_label_paper","flipped_gari_d192l12_randominit_downstream-seqlen=131k_ablation","flipped_gari_d192l12_randominit_downstream-seqlen=131k_ablation","flipped_gari_d192l12_randominit_downstream-seqlen=131k_ablation","concat_avg_ws","concat_avg_ws","hard_label","0","0 - 30k","True","5.0","4","0.6108723741911122"
"Flipped-GARI_random_init_131k_normal_hard_label_paper","flipped_gari_d192l12_randominit_downstream-seqlen=131k_ablation","flipped_gari_d192l12_randominit_downstream-seqlen=131k_ablation","flipped_gari_d192l12_randominit_downstream-seqlen=131k_ablation","concat_avg_ws","concat_avg_ws","hard_label","0","0 - 30k","True","5.0","5","0.6148482712736234"
"Flipped-GARI_random_init_131k_normal_hard_label_paper","flipped_gari_d192l12_randominit_downstream-seqlen=131k_ablation","flipped_gari_d192l12_randominit_downstream-seqlen=131k_ablation","flipped_gari_d192l12_randominit_downstream-seqlen=131k_ablation","concat_avg_ws","concat_avg_ws","hard_label","0","0 - 30k","True","5.0","6","0.6214721507675963"
"Flipped-GARI_random_init_131k_normal_hard_label_paper","flipped_gari_d192l12_randominit_downstream-seqlen=131k_ablation","flipped_gari_d192l12_randominit_downstream-seqlen=131k_ablation","flipped_gari_d192l12_randominit_downstream-seqlen=131k_ablation","concat_avg_ws","concat_avg_ws","hard_label","0","0 - 30k","True","5.0","7","0.6097115040283287"
"Flipped-GARI_random_init_131k_normal_hard_label_paper","flipped_gari_d192l12_randominit_downstream-seqlen=131k_ablation","flipped_gari_d192l12_randominit_downstream-seqlen=131k_ablation","flipped_gari_d192l12_randominit_downstream-seqlen=131k_ablation","concat_avg_ws","concat_avg_ws","hard_label","0","0 - 30k","True","5.0","8","0.6077626118009276"
"Flipped-GARI_random_init_131k_normal_hard_label_paper","flipped_gari_d192l12_randominit_downstream-seqlen=131k_ablation","flipped_gari_d192l12_randominit_downstream-seqlen=131k_ablation","flipped_gari_d192l12_randominit_downstream-seqlen=131k_ablation","concat_avg_ws","concat_avg_ws","hard_label","0","0 - 30k","True","5.0","9","0.6231192928441224"
"Flipped-GARI_random_init_131k_normal_hard_label_paper","flipped_gari_d192l12_randominit_downstream-seqlen=131k_ablation","flipped_gari_d192l12_randominit_downstream-seqlen=131k_ablation","flipped_gari_d192l12_randominit_downstream-seqlen=131k_ablation","concat_avg_ws","concat_avg_ws","hard_label","0","0 - 30k","True","5.0","10","0.6186950506792827"
"Flipped-GARI_random_init_131k_normal_hard_label_paper","flipped_gari_d192l12_randominit_downstream-seqlen=131k_ablation","flipped_gari_d192l12_randominit_downstream-seqlen=131k_ablation","flipped_gari_d192l12_randominit_downstream-seqlen=131k_ablation","concat_avg_ws","concat_avg_ws","hard_label","0","0 - 30k","True","10.0","1","0.6193321976684629"
"Flipped-GARI_random_init_131k_normal_hard_label_paper","flipped_gari_d192l12_randominit_downstream-seqlen=131k_ablation","flipped_gari_d192l12_randominit_downstream-seqlen=131k_ablation","flipped_gari_d192l12_randominit_downstream-seqlen=131k_ablation","concat_avg_ws","concat_avg_ws","hard_label","0","0 - 30k","True","10.0","2","0.6222303307172142"
"Flipped-GARI_random_init_131k_normal_hard_label_paper","flipped_gari_d192l12_randominit_downstream-seqlen=131k_ablation","flipped_gari_d192l12_randominit_downstream-seqlen=131k_ablation","flipped_gari_d192l12_randominit_downstream-seqlen=131k_ablation","concat_avg_ws","concat_avg_ws","hard_label","0","0 - 30k","True","10.0","3","0.6102401018103583"
"Flipped-GARI_random_init_131k_normal_hard_label_paper","flipped_gari_d192l12_randominit_downstream-seqlen=131k_ablation","flipped_gari_d192l12_randominit_downstream-seqlen=131k_ablation","flipped_gari_d192l12_randominit_downstream-seqlen=131k_ablation","concat_avg_ws","concat_avg_ws","hard_label","0","0 - 30k","True","10.0","4","0.6075905737913468"
"Flipped-GARI_random_init_131k_normal_hard_label_paper","flipped_gari_d192l12_randominit_downstream-seqlen=131k_ablation","flipped_gari_d192l12_randominit_downstream-seqlen=131k_ablation","flipped_gari_d192l12_randominit_downstream-seqlen=131k_ablation","concat_avg_ws","concat_avg_ws","hard_label","0","0 - 30k","True","10.0","5","0.6108793888715306"
"Flipped-GARI_random_init_131k_normal_hard_label_paper","flipped_gari_d192l12_randominit_downstream-seqlen=131k_ablation","flipped_gari_d192l12_randominit_downstream-seqlen=131k_ablation","flipped_gari_d192l12_randominit_downstream-seqlen=131k_ablation","concat_avg_ws","concat_avg_ws","hard_label","0","0 - 30k","True","10.0","6","0.6202776339173828"
"Flipped-GARI_random_init_131k_normal_hard_label_paper","flipped_gari_d192l12_randominit_downstream-seqlen=131k_ablation","flipped_gari_d192l12_randominit_downstream-seqlen=131k_ablation","flipped_gari_d192l12_randominit_downstream-seqlen=131k_ablation","concat_avg_ws","concat_avg_ws","hard_label","0","0 - 30k","True","10.0","7","0.6112663852234211"
"Flipped-GARI_random_init_131k_normal_hard_label_paper","flipped_gari_d192l12_randominit_downstream-seqlen=131k_ablation","flipped_gari_d192l12_randominit_downstream-seqlen=131k_ablation","flipped_gari_d192l12_randominit_downstream-seqlen=131k_ablation","concat_avg_ws","concat_avg_ws","hard_label","0","0 - 30k","True","10.0","8","0.6036005284551106"
"Flipped-GARI_random_init_131k_normal_hard_label_paper","flipped_gari_d192l12_randominit_downstream-seqlen=131k_ablation","flipped_gari_d192l12_randominit_downstream-seqlen=131k_ablation","flipped_gari_d192l12_randominit_downstream-seqlen=131k_ablation","concat_avg_ws","concat_avg_ws","hard_label","0","0 - 30k","True","10.0","9","0.6228088635123908"
"Flipped-GARI_random_init_131k_normal_hard_label_paper","flipped_gari_d192l12_randominit_downstream-seqlen=131k_ablation","flipped_gari_d192l12_randominit_downstream-seqlen=131k_ablation","flipped_gari_d192l12_randominit_downstream-seqlen=131k_ablation","concat_avg_ws","concat_avg_ws","hard_label","0","0 - 30k","True","10.0","10","0.611804732222303"
"Flipped-GARI_random_init_131k_normal_hard_label_paper","flipped_gari_d192l12_randominit_downstream-seqlen=131k_ablation","flipped_gari_d192l12_randominit_downstream-seqlen=131k_ablation","flipped_gari_d192l12_randominit_downstream-seqlen=131k_ablation","concat_avg_ws","concat_avg_ws","hard_label","0","0 - 30k","True","30.0","1","0.6193321976684629"
"Flipped-GARI_random_init_131k_normal_hard_label_paper","flipped_gari_d192l12_randominit_downstream-seqlen=131k_ablation","flipped_gari_d192l12_randominit_downstream-seqlen=131k_ablation","flipped_gari_d192l12_randominit_downstream-seqlen=131k_ablation","concat_avg_ws","concat_avg_ws","hard_label","0","0 - 30k","True","30.0","2","0.62263682550281"
"Flipped-GARI_random_init_131k_normal_hard_label_paper","flipped_gari_d192l12_randominit_downstream-seqlen=131k_ablation","flipped_gari_d192l12_randominit_downstream-seqlen=131k_ablation","flipped_gari_d192l12_randominit_downstream-seqlen=131k_ablation","concat_avg_ws","concat_avg_ws","hard_label","0","0 - 30k","True","30.0","3","0.6100892267349206"
"Flipped-GARI_random_init_131k_normal_hard_label_paper","flipped_gari_d192l12_randominit_downstream-seqlen=131k_ablation","flipped_gari_d192l12_randominit_downstream-seqlen=131k_ablation","flipped_gari_d192l12_randominit_downstream-seqlen=131k_ablation","concat_avg_ws","concat_avg_ws","hard_label","0","0 - 30k","True","30.0","4","0.6056080348765155"
"Flipped-GARI_random_init_131k_normal_hard_label_paper","flipped_gari_d192l12_randominit_downstream-seqlen=131k_ablation","flipped_gari_d192l12_randominit_downstream-seqlen=131k_ablation","flipped_gari_d192l12_randominit_downstream-seqlen=131k_ablation","concat_avg_ws","concat_avg_ws","hard_label","0","0 - 30k","True","30.0","5","0.6120152915277404"
"Flipped-GARI_random_init_131k_normal_hard_label_paper","flipped_gari_d192l12_randominit_downstream-seqlen=131k_ablation","flipped_gari_d192l12_randominit_downstream-seqlen=131k_ablation","flipped_gari_d192l12_randominit_downstream-seqlen=131k_ablation","concat_avg_ws","concat_avg_ws","hard_label","0","0 - 30k","True","30.0","6","0.6193848672180443"
"Flipped-GARI_random_init_131k_normal_hard_label_paper","flipped_gari_d192l12_randominit_downstream-seqlen=131k_ablation","flipped_gari_d192l12_randominit_downstream-seqlen=131k_ablation","flipped_gari_d192l12_randominit_downstream-seqlen=131k_ablation","concat_avg_ws","concat_avg_ws","hard_label","0","0 - 30k","True","30.0","7","0.6102813576426488"
"Flipped-GARI_random_init_131k_normal_hard_label_paper","flipped_gari_d192l12_randominit_downstream-seqlen=131k_ablation","flipped_gari_d192l12_randominit_downstream-seqlen=131k_ablation","flipped_gari_d192l12_randominit_downstream-seqlen=131k_ablation","concat_avg_ws","concat_avg_ws","hard_label","0","0 - 30k","True","30.0","8","0.6037389197772612"
"Flipped-GARI_random_init_131k_normal_hard_label_paper","flipped_gari_d192l12_randominit_downstream-seqlen=131k_ablation","flipped_gari_d192l12_randominit_downstream-seqlen=131k_ablation","flipped_gari_d192l12_randominit_downstream-seqlen=131k_ablation","concat_avg_ws","concat_avg_ws","hard_label","0","0 - 30k","True","30.0","9","0.6226243417495232"
"Flipped-GARI_random_init_131k_normal_hard_label_paper","flipped_gari_d192l12_randominit_downstream-seqlen=131k_ablation","flipped_gari_d192l12_randominit_downstream-seqlen=131k_ablation","flipped_gari_d192l12_randominit_downstream-seqlen=131k_ablation","concat_avg_ws","concat_avg_ws","hard_label","0","0 - 30k","True","30.0","10","0.6125004934054871"
"Flipped-GARI_random_init_131k_normal_hard_label_paper","flipped_gari_d192l12_randominit_downstream-seqlen=131k_ablation","flipped_gari_d192l12_randominit_downstream-seqlen=131k_ablation","flipped_gari_d192l12_randominit_downstream-seqlen=131k_ablation","concat_avg_ws","concat_avg_ws","hard_label","0","0 - 30k","True","100.0","1","0.6194494260564704"
"Flipped-GARI_random_init_131k_normal_hard_label_paper","flipped_gari_d192l12_randominit_downstream-seqlen=131k_ablation","flipped_gari_d192l12_randominit_downstream-seqlen=131k_ablation","flipped_gari_d192l12_randominit_downstream-seqlen=131k_ablation","concat_avg_ws","concat_avg_ws","hard_label","0","0 - 30k","True","100.0","2","0.6217565425567584"
"Flipped-GARI_random_init_131k_normal_hard_label_paper","flipped_gari_d192l12_randominit_downstream-seqlen=131k_ablation","flipped_gari_d192l12_randominit_downstream-seqlen=131k_ablation","flipped_gari_d192l12_randominit_downstream-seqlen=131k_ablation","concat_avg_ws","concat_avg_ws","hard_label","0","0 - 30k","True","100.0","3","0.6114807491012887"
"Flipped-GARI_random_init_131k_normal_hard_label_paper","flipped_gari_d192l12_randominit_downstream-seqlen=131k_ablation","flipped_gari_d192l12_randominit_downstream-seqlen=131k_ablation","flipped_gari_d192l12_randominit_downstream-seqlen=131k_ablation","concat_avg_ws","concat_avg_ws","hard_label","0","0 - 30k","True","100.0","4","0.6057252632645229"
"Flipped-GARI_random_init_131k_normal_hard_label_paper","flipped_gari_d192l12_randominit_downstream-seqlen=131k_ablation","flipped_gari_d192l12_randominit_downstream-seqlen=131k_ablation","flipped_gari_d192l12_randominit_downstream-seqlen=131k_ablation","concat_avg_ws","concat_avg_ws","hard_label","0","0 - 30k","True","100.0","5","0.6153681898747962"
"Flipped-GARI_random_init_131k_normal_hard_label_paper","flipped_gari_d192l12_randominit_downstream-seqlen=131k_ablation","flipped_gari_d192l12_randominit_downstream-seqlen=131k_ablation","flipped_gari_d192l12_randominit_downstream-seqlen=131k_ablation","concat_avg_ws","concat_avg_ws","hard_label","0","0 - 30k","True","100.0","6","0.6182950950025514"
"Flipped-GARI_random_init_131k_normal_hard_label_paper","flipped_gari_d192l12_randominit_downstream-seqlen=131k_ablation","flipped_gari_d192l12_randominit_downstream-seqlen=131k_ablation","flipped_gari_d192l12_randominit_downstream-seqlen=131k_ablation","concat_avg_ws","concat_avg_ws","hard_label","0","0 - 30k","True","100.0","7","0.6108175645695388"
"Flipped-GARI_random_init_131k_normal_hard_label_paper","flipped_gari_d192l12_randominit_downstream-seqlen=131k_ablation","flipped_gari_d192l12_randominit_downstream-seqlen=131k_ablation","flipped_gari_d192l12_randominit_downstream-seqlen=131k_ablation","concat_avg_ws","concat_avg_ws","hard_label","0","0 - 30k","True","100.0","8","0.6057127795112361"
"Flipped-GARI_random_init_131k_normal_hard_label_paper","flipped_gari_d192l12_randominit_downstream-seqlen=131k_ablation","flipped_gari_d192l12_randominit_downstream-seqlen=131k_ablation","flipped_gari_d192l12_randominit_downstream-seqlen=131k_ablation","concat_avg_ws","concat_avg_ws","hard_label","0","0 - 30k","True","100.0","9","0.6202228242958092"
"Flipped-GARI_random_init_131k_normal_hard_label_paper","flipped_gari_d192l12_randominit_downstream-seqlen=131k_ablation","flipped_gari_d192l12_randominit_downstream-seqlen=131k_ablation","flipped_gari_d192l12_randominit_downstream-seqlen=131k_ablation","concat_avg_ws","concat_avg_ws","hard_label","0","0 - 30k","True","100.0","10","0.6181414853906797"
"Flipped-GARI_random_init_131k_normal_hard_label_paper","flipped_gari_d192l12_randominit_downstream-seqlen=131k_ablation","flipped_gari_d192l12_randominit_downstream-seqlen=131k_ablation","flipped_gari_d192l12_randominit_downstream-seqlen=131k_ablation","concat_avg_ws","concat_avg_ws","hard_label","1","30 - 100k","True","0.1","1","0.5676629570747218"
"Flipped-GARI_random_init_131k_normal_hard_label_paper","flipped_gari_d192l12_randominit_downstream-seqlen=131k_ablation","flipped_gari_d192l12_randominit_downstream-seqlen=131k_ablation","flipped_gari_d192l12_randominit_downstream-seqlen=131k_ablation","concat_avg_ws","concat_avg_ws","hard_label","1","30 - 100k","True","0.1","2","0.568325384207737"
"Flipped-GARI_random_init_131k_normal_hard_label_paper","flipped_gari_d192l12_randominit_downstream-seqlen=131k_ablation","flipped_gari_d192l12_randominit_downstream-seqlen=131k_ablation","flipped_gari_d192l12_randominit_downstream-seqlen=131k_ablation","concat_avg_ws","concat_avg_ws","hard_label","1","30 - 100k","True","0.1","3","0.5652729199788024"
"Flipped-GARI_random_init_131k_normal_hard_label_paper","flipped_gari_d192l12_randominit_downstream-seqlen=131k_ablation","flipped_gari_d192l12_randominit_downstream-seqlen=131k_ablation","flipped_gari_d192l12_randominit_downstream-seqlen=131k_ablation","concat_avg_ws","concat_avg_ws","hard_label","1","30 - 100k","True","0.1","4","0.5686380498145204"
"Flipped-GARI_random_init_131k_normal_hard_label_paper","flipped_gari_d192l12_randominit_downstream-seqlen=131k_ablation","flipped_gari_d192l12_randominit_downstream-seqlen=131k_ablation","flipped_gari_d192l12_randominit_downstream-seqlen=131k_ablation","concat_avg_ws","concat_avg_ws","hard_label","1","30 - 100k","True","0.1","5","0.5671489136195018"
"Flipped-GARI_random_init_131k_normal_hard_label_paper","flipped_gari_d192l12_randominit_downstream-seqlen=131k_ablation","flipped_gari_d192l12_randominit_downstream-seqlen=131k_ablation","flipped_gari_d192l12_randominit_downstream-seqlen=131k_ablation","concat_avg_ws","concat_avg_ws","hard_label","1","30 - 100k","True","0.1","6","0.570953895071542"
"Flipped-GARI_random_init_131k_normal_hard_label_paper","flipped_gari_d192l12_randominit_downstream-seqlen=131k_ablation","flipped_gari_d192l12_randominit_downstream-seqlen=131k_ablation","flipped_gari_d192l12_randominit_downstream-seqlen=131k_ablation","concat_avg_ws","concat_avg_ws","hard_label","1","30 - 100k","True","0.1","7","0.568325384207737"
"Flipped-GARI_random_init_131k_normal_hard_label_paper","flipped_gari_d192l12_randominit_downstream-seqlen=131k_ablation","flipped_gari_d192l12_randominit_downstream-seqlen=131k_ablation","flipped_gari_d192l12_randominit_downstream-seqlen=131k_ablation","concat_avg_ws","concat_avg_ws","hard_label","1","30 - 100k","True","0.1","8","0.5716534181240064"
"Flipped-GARI_random_init_131k_normal_hard_label_paper","flipped_gari_d192l12_randominit_downstream-seqlen=131k_ablation","flipped_gari_d192l12_randominit_downstream-seqlen=131k_ablation","flipped_gari_d192l12_randominit_downstream-seqlen=131k_ablation","concat_avg_ws","concat_avg_ws","hard_label","1","30 - 100k","True","0.1","9","0.5697774244833068"
"Flipped-GARI_random_init_131k_normal_hard_label_paper","flipped_gari_d192l12_randominit_downstream-seqlen=131k_ablation","flipped_gari_d192l12_randominit_downstream-seqlen=131k_ablation","flipped_gari_d192l12_randominit_downstream-seqlen=131k_ablation","concat_avg_ws","concat_avg_ws","hard_label","1","30 - 100k","True","0.1","10","0.5682882882882883"
"Flipped-GARI_random_init_131k_normal_hard_label_paper","flipped_gari_d192l12_randominit_downstream-seqlen=131k_ablation","flipped_gari_d192l12_randominit_downstream-seqlen=131k_ablation","flipped_gari_d192l12_randominit_downstream-seqlen=131k_ablation","concat_avg_ws","concat_avg_ws","hard_label","1","30 - 100k","True","0.3","1","0.5738049814520403"
"Flipped-GARI_random_init_131k_normal_hard_label_paper","flipped_gari_d192l12_randominit_downstream-seqlen=131k_ablation","flipped_gari_d192l12_randominit_downstream-seqlen=131k_ablation","flipped_gari_d192l12_randominit_downstream-seqlen=131k_ablation","concat_avg_ws","concat_avg_ws","hard_label","1","30 - 100k","True","0.3","2","0.5705140434552199"
"Flipped-GARI_random_init_131k_normal_hard_label_paper","flipped_gari_d192l12_randominit_downstream-seqlen=131k_ablation","flipped_gari_d192l12_randominit_downstream-seqlen=131k_ablation","flipped_gari_d192l12_randominit_downstream-seqlen=131k_ablation","concat_avg_ws","concat_avg_ws","hard_label","1","30 - 100k","True","0.3","3","0.5746316905140435"
"Flipped-GARI_random_init_131k_normal_hard_label_paper","flipped_gari_d192l12_randominit_downstream-seqlen=131k_ablation","flipped_gari_d192l12_randominit_downstream-seqlen=131k_ablation","flipped_gari_d192l12_randominit_downstream-seqlen=131k_ablation","concat_avg_ws","concat_avg_ws","hard_label","1","30 - 100k","True","0.3","4","0.5723158452570217"
"Flipped-GARI_random_init_131k_normal_hard_label_paper","flipped_gari_d192l12_randominit_downstream-seqlen=131k_ablation","flipped_gari_d192l12_randominit_downstream-seqlen=131k_ablation","flipped_gari_d192l12_randominit_downstream-seqlen=131k_ablation","concat_avg_ws","concat_avg_ws","hard_label","1","30 - 100k","True","0.3","5","0.5732538420773715"
"Flipped-GARI_random_init_131k_normal_hard_label_paper","flipped_gari_d192l12_randominit_downstream-seqlen=131k_ablation","flipped_gari_d192l12_randominit_downstream-seqlen=131k_ablation","flipped_gari_d192l12_randominit_downstream-seqlen=131k_ablation","concat_avg_ws","concat_avg_ws","hard_label","1","30 - 100k","True","0.3","6","0.55637519872814"
"Flipped-GARI_random_init_131k_normal_hard_label_paper","flipped_gari_d192l12_randominit_downstream-seqlen=131k_ablation","flipped_gari_d192l12_randominit_downstream-seqlen=131k_ablation","flipped_gari_d192l12_randominit_downstream-seqlen=131k_ablation","concat_avg_ws","concat_avg_ws","hard_label","1","30 - 100k","True","0.3","7","0.5747058823529412"
"Flipped-GARI_random_init_131k_normal_hard_label_paper","flipped_gari_d192l12_randominit_downstream-seqlen=131k_ablation","flipped_gari_d192l12_randominit_downstream-seqlen=131k_ablation","flipped_gari_d192l12_randominit_downstream-seqlen=131k_ablation","concat_avg_ws","concat_avg_ws","hard_label","1","30 - 100k","True","0.3","8","0.5786963434022258"
"Flipped-GARI_random_init_131k_normal_hard_label_paper","flipped_gari_d192l12_randominit_downstream-seqlen=131k_ablation","flipped_gari_d192l12_randominit_downstream-seqlen=131k_ablation","flipped_gari_d192l12_randominit_downstream-seqlen=131k_ablation","concat_avg_ws","concat_avg_ws","hard_label","1","30 - 100k","True","0.3","9","0.5710651828298887"
"Flipped-GARI_random_init_131k_normal_hard_label_paper","flipped_gari_d192l12_randominit_downstream-seqlen=131k_ablation","flipped_gari_d192l12_randominit_downstream-seqlen=131k_ablation","flipped_gari_d192l12_randominit_downstream-seqlen=131k_ablation","concat_avg_ws","concat_avg_ws","hard_label","1","30 - 100k","True","0.3","10","0.5572390037095919"
"Flipped-GARI_random_init_131k_normal_hard_label_paper","flipped_gari_d192l12_randominit_downstream-seqlen=131k_ablation","flipped_gari_d192l12_randominit_downstream-seqlen=131k_ablation","flipped_gari_d192l12_randominit_downstream-seqlen=131k_ablation","concat_avg_ws","concat_avg_ws","hard_label","1","30 - 100k","True","1.0","1","0.539607843137255"
"Flipped-GARI_random_init_131k_normal_hard_label_paper","flipped_gari_d192l12_randominit_downstream-seqlen=131k_ablation","flipped_gari_d192l12_randominit_downstream-seqlen=131k_ablation","flipped_gari_d192l12_randominit_downstream-seqlen=131k_ablation","concat_avg_ws","concat_avg_ws","hard_label","1","30 - 100k","True","1.0","2","0.549480657127716"
"Flipped-GARI_random_init_131k_normal_hard_label_paper","flipped_gari_d192l12_randominit_downstream-seqlen=131k_ablation","flipped_gari_d192l12_randominit_downstream-seqlen=131k_ablation","flipped_gari_d192l12_randominit_downstream-seqlen=131k_ablation","concat_avg_ws","concat_avg_ws","hard_label","1","30 - 100k","True","1.0","3","0.5373820879703233"
"Flipped-GARI_random_init_131k_normal_hard_label_paper","flipped_gari_d192l12_randominit_downstream-seqlen=131k_ablation","flipped_gari_d192l12_randominit_downstream-seqlen=131k_ablation","flipped_gari_d192l12_randominit_downstream-seqlen=131k_ablation","concat_avg_ws","concat_avg_ws","hard_label","1","30 - 100k","True","1.0","4","0.5560625331213567"
"Flipped-GARI_random_init_131k_normal_hard_label_paper","flipped_gari_d192l12_randominit_downstream-seqlen=131k_ablation","flipped_gari_d192l12_randominit_downstream-seqlen=131k_ablation","flipped_gari_d192l12_randominit_downstream-seqlen=131k_ablation","concat_avg_ws","concat_avg_ws","hard_label","1","30 - 100k","True","1.0","5","0.5670588235294117"
"Flipped-GARI_random_init_131k_normal_hard_label_paper","flipped_gari_d192l12_randominit_downstream-seqlen=131k_ablation","flipped_gari_d192l12_randominit_downstream-seqlen=131k_ablation","flipped_gari_d192l12_randominit_downstream-seqlen=131k_ablation","concat_avg_ws","concat_avg_ws","hard_label","1","30 - 100k","True","1.0","6","0.5449761526232114"
"Flipped-GARI_random_init_131k_normal_hard_label_paper","flipped_gari_d192l12_randominit_downstream-seqlen=131k_ablation","flipped_gari_d192l12_randominit_downstream-seqlen=131k_ablation","flipped_gari_d192l12_randominit_downstream-seqlen=131k_ablation","concat_avg_ws","concat_avg_ws","hard_label","1","30 - 100k","True","1.0","7","0.5519077901430842"
"Flipped-GARI_random_init_131k_normal_hard_label_paper","flipped_gari_d192l12_randominit_downstream-seqlen=131k_ablation","flipped_gari_d192l12_randominit_downstream-seqlen=131k_ablation","flipped_gari_d192l12_randominit_downstream-seqlen=131k_ablation","concat_avg_ws","concat_avg_ws","hard_label","1","30 - 100k","True","1.0","8","0.5464281928987811"
"Flipped-GARI_random_init_131k_normal_hard_label_paper","flipped_gari_d192l12_randominit_downstream-seqlen=131k_ablation","flipped_gari_d192l12_randominit_downstream-seqlen=131k_ablation","flipped_gari_d192l12_randominit_downstream-seqlen=131k_ablation","concat_avg_ws","concat_avg_ws","hard_label","1","30 - 100k","True","1.0","9","0.5700529941706413"
"Flipped-GARI_random_init_131k_normal_hard_label_paper","flipped_gari_d192l12_randominit_downstream-seqlen=131k_ablation","flipped_gari_d192l12_randominit_downstream-seqlen=131k_ablation","flipped_gari_d192l12_randominit_downstream-seqlen=131k_ablation","concat_avg_ws","concat_avg_ws","hard_label","1","30 - 100k","True","1.0","10","0.5570376258611552"
"Flipped-GARI_random_init_131k_normal_hard_label_paper","flipped_gari_d192l12_randominit_downstream-seqlen=131k_ablation","flipped_gari_d192l12_randominit_downstream-seqlen=131k_ablation","flipped_gari_d192l12_randominit_downstream-seqlen=131k_ablation","concat_avg_ws","concat_avg_ws","hard_label","1","30 - 100k","True","3.0","1","0.49605723370429256"
"Flipped-GARI_random_init_131k_normal_hard_label_paper","flipped_gari_d192l12_randominit_downstream-seqlen=131k_ablation","flipped_gari_d192l12_randominit_downstream-seqlen=131k_ablation","flipped_gari_d192l12_randominit_downstream-seqlen=131k_ablation","concat_avg_ws","concat_avg_ws","hard_label","1","30 - 100k","True","3.0","2","0.5198834128245893"
"Flipped-GARI_random_init_131k_normal_hard_label_paper","flipped_gari_d192l12_randominit_downstream-seqlen=131k_ablation","flipped_gari_d192l12_randominit_downstream-seqlen=131k_ablation","flipped_gari_d192l12_randominit_downstream-seqlen=131k_ablation","concat_avg_ws","concat_avg_ws","hard_label","1","30 - 100k","True","3.0","3","0.5282670906200319"
"Flipped-GARI_random_init_131k_normal_hard_label_paper","flipped_gari_d192l12_randominit_downstream-seqlen=131k_ablation","flipped_gari_d192l12_randominit_downstream-seqlen=131k_ablation","flipped_gari_d192l12_randominit_downstream-seqlen=131k_ablation","concat_avg_ws","concat_avg_ws","hard_label","1","30 - 100k","True","3.0","4","0.5450715421303657"
"Flipped-GARI_random_init_131k_normal_hard_label_paper","flipped_gari_d192l12_randominit_downstream-seqlen=131k_ablation","flipped_gari_d192l12_randominit_downstream-seqlen=131k_ablation","flipped_gari_d192l12_randominit_downstream-seqlen=131k_ablation","concat_avg_ws","concat_avg_ws","hard_label","1","30 - 100k","True","3.0","5","0.5553153153153154"
"Flipped-GARI_random_init_131k_normal_hard_label_paper","flipped_gari_d192l12_randominit_downstream-seqlen=131k_ablation","flipped_gari_d192l12_randominit_downstream-seqlen=131k_ablation","flipped_gari_d192l12_randominit_downstream-seqlen=131k_ablation","concat_avg_ws","concat_avg_ws","hard_label","1","30 - 100k","True","3.0","6","0.541854795972443"
"Flipped-GARI_random_init_131k_normal_hard_label_paper","flipped_gari_d192l12_randominit_downstream-seqlen=131k_ablation","flipped_gari_d192l12_randominit_downstream-seqlen=131k_ablation","flipped_gari_d192l12_randominit_downstream-seqlen=131k_ablation","concat_avg_ws","concat_avg_ws","hard_label","1","30 - 100k","True","3.0","7","0.5151033386327504"
"Flipped-GARI_random_init_131k_normal_hard_label_paper","flipped_gari_d192l12_randominit_downstream-seqlen=131k_ablation","flipped_gari_d192l12_randominit_downstream-seqlen=131k_ablation","flipped_gari_d192l12_randominit_downstream-seqlen=131k_ablation","concat_avg_ws","concat_avg_ws","hard_label","1","30 - 100k","True","3.0","8","0.5427715951245363"
"Flipped-GARI_random_init_131k_normal_hard_label_paper","flipped_gari_d192l12_randominit_downstream-seqlen=131k_ablation","flipped_gari_d192l12_randominit_downstream-seqlen=131k_ablation","flipped_gari_d192l12_randominit_downstream-seqlen=131k_ablation","concat_avg_ws","concat_avg_ws","hard_label","1","30 - 100k","True","3.0","9","0.527843137254902"
"Flipped-GARI_random_init_131k_normal_hard_label_paper","flipped_gari_d192l12_randominit_downstream-seqlen=131k_ablation","flipped_gari_d192l12_randominit_downstream-seqlen=131k_ablation","flipped_gari_d192l12_randominit_downstream-seqlen=131k_ablation","concat_avg_ws","concat_avg_ws","hard_label","1","30 - 100k","True","3.0","10","0.5400158982511924"
"Flipped-GARI_random_init_131k_normal_hard_label_paper","flipped_gari_d192l12_randominit_downstream-seqlen=131k_ablation","flipped_gari_d192l12_randominit_downstream-seqlen=131k_ablation","flipped_gari_d192l12_randominit_downstream-seqlen=131k_ablation","concat_avg_ws","concat_avg_ws","hard_label","1","30 - 100k","True","5.0","1","0.4836671966083731"
"Flipped-GARI_random_init_131k_normal_hard_label_paper","flipped_gari_d192l12_randominit_downstream-seqlen=131k_ablation","flipped_gari_d192l12_randominit_downstream-seqlen=131k_ablation","flipped_gari_d192l12_randominit_downstream-seqlen=131k_ablation","concat_avg_ws","concat_avg_ws","hard_label","1","30 - 100k","True","5.0","2","0.5168150503444622"
"Flipped-GARI_random_init_131k_normal_hard_label_paper","flipped_gari_d192l12_randominit_downstream-seqlen=131k_ablation","flipped_gari_d192l12_randominit_downstream-seqlen=131k_ablation","flipped_gari_d192l12_randominit_downstream-seqlen=131k_ablation","concat_avg_ws","concat_avg_ws","hard_label","1","30 - 100k","True","5.0","3","0.520731319554849"
"Flipped-GARI_random_init_131k_normal_hard_label_paper","flipped_gari_d192l12_randominit_downstream-seqlen=131k_ablation","flipped_gari_d192l12_randominit_downstream-seqlen=131k_ablation","flipped_gari_d192l12_randominit_downstream-seqlen=131k_ablation","concat_avg_ws","concat_avg_ws","hard_label","1","30 - 100k","True","5.0","4","0.5416905140434553"
"Flipped-GARI_random_init_131k_normal_hard_label_paper","flipped_gari_d192l12_randominit_downstream-seqlen=131k_ablation","flipped_gari_d192l12_randominit_downstream-seqlen=131k_ablation","flipped_gari_d192l12_randominit_downstream-seqlen=131k_ablation","concat_avg_ws","concat_avg_ws","hard_label","1","30 - 100k","True","5.0","5","0.5542872284048754"
"Flipped-GARI_random_init_131k_normal_hard_label_paper","flipped_gari_d192l12_randominit_downstream-seqlen=131k_ablation","flipped_gari_d192l12_randominit_downstream-seqlen=131k_ablation","flipped_gari_d192l12_randominit_downstream-seqlen=131k_ablation","concat_avg_ws","concat_avg_ws","hard_label","1","30 - 100k","True","5.0","6","0.5342448330683625"
"Flipped-GARI_random_init_131k_normal_hard_label_paper","flipped_gari_d192l12_randominit_downstream-seqlen=131k_ablation","flipped_gari_d192l12_randominit_downstream-seqlen=131k_ablation","flipped_gari_d192l12_randominit_downstream-seqlen=131k_ablation","concat_avg_ws","concat_avg_ws","hard_label","1","30 - 100k","True","5.0","7","0.5062798092209857"
"Flipped-GARI_random_init_131k_normal_hard_label_paper","flipped_gari_d192l12_randominit_downstream-seqlen=131k_ablation","flipped_gari_d192l12_randominit_downstream-seqlen=131k_ablation","flipped_gari_d192l12_randominit_downstream-seqlen=131k_ablation","concat_avg_ws","concat_avg_ws","hard_label","1","30 - 100k","True","5.0","8","0.5253259141494435"
"Flipped-GARI_random_init_131k_normal_hard_label_paper","flipped_gari_d192l12_randominit_downstream-seqlen=131k_ablation","flipped_gari_d192l12_randominit_downstream-seqlen=131k_ablation","flipped_gari_d192l12_randominit_downstream-seqlen=131k_ablation","concat_avg_ws","concat_avg_ws","hard_label","1","30 - 100k","True","5.0","9","0.5052676205617382"
"Flipped-GARI_random_init_131k_normal_hard_label_paper","flipped_gari_d192l12_randominit_downstream-seqlen=131k_ablation","flipped_gari_d192l12_randominit_downstream-seqlen=131k_ablation","flipped_gari_d192l12_randominit_downstream-seqlen=131k_ablation","concat_avg_ws","concat_avg_ws","hard_label","1","30 - 100k","True","5.0","10","0.547795442501325"
"Flipped-GARI_random_init_131k_normal_hard_label_paper","flipped_gari_d192l12_randominit_downstream-seqlen=131k_ablation","flipped_gari_d192l12_randominit_downstream-seqlen=131k_ablation","flipped_gari_d192l12_randominit_downstream-seqlen=131k_ablation","concat_avg_ws","concat_avg_ws","hard_label","1","30 - 100k","True","10.0","1","0.48425543190249076"
"Flipped-GARI_random_init_131k_normal_hard_label_paper","flipped_gari_d192l12_randominit_downstream-seqlen=131k_ablation","flipped_gari_d192l12_randominit_downstream-seqlen=131k_ablation","flipped_gari_d192l12_randominit_downstream-seqlen=131k_ablation","concat_avg_ws","concat_avg_ws","hard_label","1","30 - 100k","True","10.0","2","0.5150503444621092"
"Flipped-GARI_random_init_131k_normal_hard_label_paper","flipped_gari_d192l12_randominit_downstream-seqlen=131k_ablation","flipped_gari_d192l12_randominit_downstream-seqlen=131k_ablation","flipped_gari_d192l12_randominit_downstream-seqlen=131k_ablation","concat_avg_ws","concat_avg_ws","hard_label","1","30 - 100k","True","10.0","3","0.5210439851616322"
"Flipped-GARI_random_init_131k_normal_hard_label_paper","flipped_gari_d192l12_randominit_downstream-seqlen=131k_ablation","flipped_gari_d192l12_randominit_downstream-seqlen=131k_ablation","flipped_gari_d192l12_randominit_downstream-seqlen=131k_ablation","concat_avg_ws","concat_avg_ws","hard_label","1","30 - 100k","True","10.0","4","0.5416905140434553"
"Flipped-GARI_random_init_131k_normal_hard_label_paper","flipped_gari_d192l12_randominit_downstream-seqlen=131k_ablation","flipped_gari_d192l12_randominit_downstream-seqlen=131k_ablation","flipped_gari_d192l12_randominit_downstream-seqlen=131k_ablation","concat_avg_ws","concat_avg_ws","hard_label","1","30 - 100k","True","10.0","5","0.5486062533121356"
"Flipped-GARI_random_init_131k_normal_hard_label_paper","flipped_gari_d192l12_randominit_downstream-seqlen=131k_ablation","flipped_gari_d192l12_randominit_downstream-seqlen=131k_ablation","flipped_gari_d192l12_randominit_downstream-seqlen=131k_ablation","concat_avg_ws","concat_avg_ws","hard_label","1","30 - 100k","True","10.0","6","0.5342819289878113"
"Flipped-GARI_random_init_131k_normal_hard_label_paper","flipped_gari_d192l12_randominit_downstream-seqlen=131k_ablation","flipped_gari_d192l12_randominit_downstream-seqlen=131k_ablation","flipped_gari_d192l12_randominit_downstream-seqlen=131k_ablation","concat_avg_ws","concat_avg_ws","hard_label","1","30 - 100k","True","10.0","7","0.493704292527822"
"Flipped-GARI_random_init_131k_normal_hard_label_paper","flipped_gari_d192l12_randominit_downstream-seqlen=131k_ablation","flipped_gari_d192l12_randominit_downstream-seqlen=131k_ablation","flipped_gari_d192l12_randominit_downstream-seqlen=131k_ablation","concat_avg_ws","concat_avg_ws","hard_label","1","30 - 100k","True","10.0","8","0.5250503444621092"
"Flipped-GARI_random_init_131k_normal_hard_label_paper","flipped_gari_d192l12_randominit_downstream-seqlen=131k_ablation","flipped_gari_d192l12_randominit_downstream-seqlen=131k_ablation","flipped_gari_d192l12_randominit_downstream-seqlen=131k_ablation","concat_avg_ws","concat_avg_ws","hard_label","1","30 - 100k","True","10.0","9","0.5118865924748278"
"Flipped-GARI_random_init_131k_normal_hard_label_paper","flipped_gari_d192l12_randominit_downstream-seqlen=131k_ablation","flipped_gari_d192l12_randominit_downstream-seqlen=131k_ablation","flipped_gari_d192l12_randominit_downstream-seqlen=131k_ablation","concat_avg_ws","concat_avg_ws","hard_label","1","30 - 100k","True","10.0","10","0.5541017488076312"
"Flipped-GARI_random_init_131k_normal_hard_label_paper","flipped_gari_d192l12_randominit_downstream-seqlen=131k_ablation","flipped_gari_d192l12_randominit_downstream-seqlen=131k_ablation","flipped_gari_d192l12_randominit_downstream-seqlen=131k_ablation","concat_avg_ws","concat_avg_ws","hard_label","1","30 - 100k","True","30.0","1","0.48668256491785905"
"Flipped-GARI_random_init_131k_normal_hard_label_paper","flipped_gari_d192l12_randominit_downstream-seqlen=131k_ablation","flipped_gari_d192l12_randominit_downstream-seqlen=131k_ablation","flipped_gari_d192l12_randominit_downstream-seqlen=131k_ablation","concat_avg_ws","concat_avg_ws","hard_label","1","30 - 100k","True","30.0","2","0.5177530471648119"
"Flipped-GARI_random_init_131k_normal_hard_label_paper","flipped_gari_d192l12_randominit_downstream-seqlen=131k_ablation","flipped_gari_d192l12_randominit_downstream-seqlen=131k_ablation","flipped_gari_d192l12_randominit_downstream-seqlen=131k_ablation","concat_avg_ws","concat_avg_ws","hard_label","1","30 - 100k","True","30.0","3","0.5228086910439851"
"Flipped-GARI_random_init_131k_normal_hard_label_paper","flipped_gari_d192l12_randominit_downstream-seqlen=131k_ablation","flipped_gari_d192l12_randominit_downstream-seqlen=131k_ablation","flipped_gari_d192l12_randominit_downstream-seqlen=131k_ablation","concat_avg_ws","concat_avg_ws","hard_label","1","30 - 100k","True","30.0","4","0.5396502384737679"
"Flipped-GARI_random_init_131k_normal_hard_label_paper","flipped_gari_d192l12_randominit_downstream-seqlen=131k_ablation","flipped_gari_d192l12_randominit_downstream-seqlen=131k_ablation","flipped_gari_d192l12_randominit_downstream-seqlen=131k_ablation","concat_avg_ws","concat_avg_ws","hard_label","1","30 - 100k","True","30.0","5","0.5500953895071542"
"Flipped-GARI_random_init_131k_normal_hard_label_paper","flipped_gari_d192l12_randominit_downstream-seqlen=131k_ablation","flipped_gari_d192l12_randominit_downstream-seqlen=131k_ablation","flipped_gari_d192l12_randominit_downstream-seqlen=131k_ablation","concat_avg_ws","concat_avg_ws","hard_label","1","30 - 100k","True","30.0","6","0.5298145204027557"
"Flipped-GARI_random_init_131k_normal_hard_label_paper","flipped_gari_d192l12_randominit_downstream-seqlen=131k_ablation","flipped_gari_d192l12_randominit_downstream-seqlen=131k_ablation","flipped_gari_d192l12_randominit_downstream-seqlen=131k_ablation","concat_avg_ws","concat_avg_ws","hard_label","1","30 - 100k","True","30.0","7","0.49432962374138845"
"Flipped-GARI_random_init_131k_normal_hard_label_paper","flipped_gari_d192l12_randominit_downstream-seqlen=131k_ablation","flipped_gari_d192l12_randominit_downstream-seqlen=131k_ablation","flipped_gari_d192l12_randominit_downstream-seqlen=131k_ablation","concat_avg_ws","concat_avg_ws","hard_label","1","30 - 100k","True","30.0","8","0.5271277159512453"
"Flipped-GARI_random_init_131k_normal_hard_label_paper","flipped_gari_d192l12_randominit_downstream-seqlen=131k_ablation","flipped_gari_d192l12_randominit_downstream-seqlen=131k_ablation","flipped_gari_d192l12_randominit_downstream-seqlen=131k_ablation","concat_avg_ws","concat_avg_ws","hard_label","1","30 - 100k","True","30.0","9","0.5127503974562798"
"Flipped-GARI_random_init_131k_normal_hard_label_paper","flipped_gari_d192l12_randominit_downstream-seqlen=131k_ablation","flipped_gari_d192l12_randominit_downstream-seqlen=131k_ablation","flipped_gari_d192l12_randominit_downstream-seqlen=131k_ablation","concat_avg_ws","concat_avg_ws","hard_label","1","30 - 100k","True","30.0","10","0.5520243773184949"
"Flipped-GARI_random_init_131k_normal_hard_label_paper","flipped_gari_d192l12_randominit_downstream-seqlen=131k_ablation","flipped_gari_d192l12_randominit_downstream-seqlen=131k_ablation","flipped_gari_d192l12_randominit_downstream-seqlen=131k_ablation","concat_avg_ws","concat_avg_ws","hard_label","1","30 - 100k","True","100.0","1","0.4822893481717011"
"Flipped-GARI_random_init_131k_normal_hard_label_paper","flipped_gari_d192l12_randominit_downstream-seqlen=131k_ablation","flipped_gari_d192l12_randominit_downstream-seqlen=131k_ablation","flipped_gari_d192l12_randominit_downstream-seqlen=131k_ablation","concat_avg_ws","concat_avg_ws","hard_label","1","30 - 100k","True","100.0","2","0.5157869634340223"
"Flipped-GARI_random_init_131k_normal_hard_label_paper","flipped_gari_d192l12_randominit_downstream-seqlen=131k_ablation","flipped_gari_d192l12_randominit_downstream-seqlen=131k_ablation","flipped_gari_d192l12_randominit_downstream-seqlen=131k_ablation","concat_avg_ws","concat_avg_ws","hard_label","1","30 - 100k","True","100.0","3","0.526248012718601"
"Flipped-GARI_random_init_131k_normal_hard_label_paper","flipped_gari_d192l12_randominit_downstream-seqlen=131k_ablation","flipped_gari_d192l12_randominit_downstream-seqlen=131k_ablation","flipped_gari_d192l12_randominit_downstream-seqlen=131k_ablation","concat_avg_ws","concat_avg_ws","hard_label","1","30 - 100k","True","100.0","4","0.5355325914149444"
"Flipped-GARI_random_init_131k_normal_hard_label_paper","flipped_gari_d192l12_randominit_downstream-seqlen=131k_ablation","flipped_gari_d192l12_randominit_downstream-seqlen=131k_ablation","flipped_gari_d192l12_randominit_downstream-seqlen=131k_ablation","concat_avg_ws","concat_avg_ws","hard_label","1","30 - 100k","True","100.0","5","0.5525967143614203"
"Flipped-GARI_random_init_131k_normal_hard_label_paper","flipped_gari_d192l12_randominit_downstream-seqlen=131k_ablation","flipped_gari_d192l12_randominit_downstream-seqlen=131k_ablation","flipped_gari_d192l12_randominit_downstream-seqlen=131k_ablation","concat_avg_ws","concat_avg_ws","hard_label","1","30 - 100k","True","100.0","6","0.5331796502384738"
"Flipped-GARI_random_init_131k_normal_hard_label_paper","flipped_gari_d192l12_randominit_downstream-seqlen=131k_ablation","flipped_gari_d192l12_randominit_downstream-seqlen=131k_ablation","flipped_gari_d192l12_randominit_downstream-seqlen=131k_ablation","concat_avg_ws","concat_avg_ws","hard_label","1","30 - 100k","True","100.0","7","0.5132856385797562"
"Flipped-GARI_random_init_131k_normal_hard_label_paper","flipped_gari_d192l12_randominit_downstream-seqlen=131k_ablation","flipped_gari_d192l12_randominit_downstream-seqlen=131k_ablation","flipped_gari_d192l12_randominit_downstream-seqlen=131k_ablation","concat_avg_ws","concat_avg_ws","hard_label","1","30 - 100k","True","100.0","8","0.5380498145204027"
"Flipped-GARI_random_init_131k_normal_hard_label_paper","flipped_gari_d192l12_randominit_downstream-seqlen=131k_ablation","flipped_gari_d192l12_randominit_downstream-seqlen=131k_ablation","flipped_gari_d192l12_randominit_downstream-seqlen=131k_ablation","concat_avg_ws","concat_avg_ws","hard_label","1","30 - 100k","True","100.0","9","0.5113354531001589"
"Flipped-GARI_random_init_131k_normal_hard_label_paper","flipped_gari_d192l12_randominit_downstream-seqlen=131k_ablation","flipped_gari_d192l12_randominit_downstream-seqlen=131k_ablation","flipped_gari_d192l12_randominit_downstream-seqlen=131k_ablation","concat_avg_ws","concat_avg_ws","hard_label","1","30 - 100k","True","100.0","10","0.545516693163752"
"Flipped-GARI_random_init_131k_normal_hard_label_paper","flipped_gari_d192l12_randominit_downstream-seqlen=131k_ablation","flipped_gari_d192l12_randominit_downstream-seqlen=131k_ablation","flipped_gari_d192l12_randominit_downstream-seqlen=131k_ablation","concat_avg_ws","concat_avg_ws","hard_label","2","100k+","True","0.1","1","0.5435833177751289"
"Flipped-GARI_random_init_131k_normal_hard_label_paper","flipped_gari_d192l12_randominit_downstream-seqlen=131k_ablation","flipped_gari_d192l12_randominit_downstream-seqlen=131k_ablation","flipped_gari_d192l12_randominit_downstream-seqlen=131k_ablation","concat_avg_ws","concat_avg_ws","hard_label","2","100k+","True","0.1","2","0.544291814469609"
"Flipped-GARI_random_init_131k_normal_hard_label_paper","flipped_gari_d192l12_randominit_downstream-seqlen=131k_ablation","flipped_gari_d192l12_randominit_downstream-seqlen=131k_ablation","flipped_gari_d192l12_randominit_downstream-seqlen=131k_ablation","concat_avg_ws","concat_avg_ws","hard_label","2","100k+","True","0.1","3","0.5439375661223689"
"Flipped-GARI_random_init_131k_normal_hard_label_paper","flipped_gari_d192l12_randominit_downstream-seqlen=131k_ablation","flipped_gari_d192l12_randominit_downstream-seqlen=131k_ablation","flipped_gari_d192l12_randominit_downstream-seqlen=131k_ablation","concat_avg_ws","concat_avg_ws","hard_label","2","100k+","True","0.1","4","0.5478187397375689"
"Flipped-GARI_random_init_131k_normal_hard_label_paper","flipped_gari_d192l12_randominit_downstream-seqlen=131k_ablation","flipped_gari_d192l12_randominit_downstream-seqlen=131k_ablation","flipped_gari_d192l12_randominit_downstream-seqlen=131k_ablation","concat_avg_ws","concat_avg_ws","hard_label","2","100k+","True","0.1","5","0.5483955900867908"
"Flipped-GARI_random_init_131k_normal_hard_label_paper","flipped_gari_d192l12_randominit_downstream-seqlen=131k_ablation","flipped_gari_d192l12_randominit_downstream-seqlen=131k_ablation","flipped_gari_d192l12_randominit_downstream-seqlen=131k_ablation","concat_avg_ws","concat_avg_ws","hard_label","2","100k+","True","0.1","6","0.5476619609082163"
"Flipped-GARI_random_init_131k_normal_hard_label_paper","flipped_gari_d192l12_randominit_downstream-seqlen=131k_ablation","flipped_gari_d192l12_randominit_downstream-seqlen=131k_ablation","flipped_gari_d192l12_randominit_downstream-seqlen=131k_ablation","concat_avg_ws","concat_avg_ws","hard_label","2","100k+","True","0.1","7","0.5473077125609762"
"Flipped-GARI_random_init_131k_normal_hard_label_paper","flipped_gari_d192l12_randominit_downstream-seqlen=131k_ablation","flipped_gari_d192l12_randominit_downstream-seqlen=131k_ablation","flipped_gari_d192l12_randominit_downstream-seqlen=131k_ablation","concat_avg_ws","concat_avg_ws","hard_label","2","100k+","True","0.1","8","0.5463107906918853"
"Flipped-GARI_random_init_131k_normal_hard_label_paper","flipped_gari_d192l12_randominit_downstream-seqlen=131k_ablation","flipped_gari_d192l12_randominit_downstream-seqlen=131k_ablation","flipped_gari_d192l12_randominit_downstream-seqlen=131k_ablation","concat_avg_ws","concat_avg_ws","hard_label","2","100k+","True","0.1","9","0.5521199848726381"
"Flipped-GARI_random_init_131k_normal_hard_label_paper","flipped_gari_d192l12_randominit_downstream-seqlen=131k_ablation","flipped_gari_d192l12_randominit_downstream-seqlen=131k_ablation","flipped_gari_d192l12_randominit_downstream-seqlen=131k_ablation","concat_avg_ws","concat_avg_ws","hard_label","2","100k+","True","0.1","10","0.5465082602097724"
"Flipped-GARI_random_init_131k_normal_hard_label_paper","flipped_gari_d192l12_randominit_downstream-seqlen=131k_ablation","flipped_gari_d192l12_randominit_downstream-seqlen=131k_ablation","flipped_gari_d192l12_randominit_downstream-seqlen=131k_ablation","concat_avg_ws","concat_avg_ws","hard_label","2","100k+","True","0.3","1","0.5300273345684154"
"Flipped-GARI_random_init_131k_normal_hard_label_paper","flipped_gari_d192l12_randominit_downstream-seqlen=131k_ablation","flipped_gari_d192l12_randominit_downstream-seqlen=131k_ablation","flipped_gari_d192l12_randominit_downstream-seqlen=131k_ablation","concat_avg_ws","concat_avg_ws","hard_label","2","100k+","True","0.3","2","0.5299363789116917"
"Flipped-GARI_random_init_131k_normal_hard_label_paper","flipped_gari_d192l12_randominit_downstream-seqlen=131k_ablation","flipped_gari_d192l12_randominit_downstream-seqlen=131k_ablation","flipped_gari_d192l12_randominit_downstream-seqlen=131k_ablation","concat_avg_ws","concat_avg_ws","hard_label","2","100k+","True","0.3","3","0.5305132292609134"
"Flipped-GARI_random_init_131k_normal_hard_label_paper","flipped_gari_d192l12_randominit_downstream-seqlen=131k_ablation","flipped_gari_d192l12_randominit_downstream-seqlen=131k_ablation","flipped_gari_d192l12_randominit_downstream-seqlen=131k_ablation","concat_avg_ws","concat_avg_ws","hard_label","2","100k+","True","0.3","4","0.5270114364770481"
"Flipped-GARI_random_init_131k_normal_hard_label_paper","flipped_gari_d192l12_randominit_downstream-seqlen=131k_ablation","flipped_gari_d192l12_randominit_downstream-seqlen=131k_ablation","flipped_gari_d192l12_randominit_downstream-seqlen=131k_ablation","concat_avg_ws","concat_avg_ws","hard_label","2","100k+","True","0.3","5","0.5310900796101354"
"Flipped-GARI_random_init_131k_normal_hard_label_paper","flipped_gari_d192l12_randominit_downstream-seqlen=131k_ablation","flipped_gari_d192l12_randominit_downstream-seqlen=131k_ablation","flipped_gari_d192l12_randominit_downstream-seqlen=131k_ablation","concat_avg_ws","concat_avg_ws","hard_label","2","100k+","True","0.3","6","0.5311559027827644"
"Flipped-GARI_random_init_131k_normal_hard_label_paper","flipped_gari_d192l12_randominit_downstream-seqlen=131k_ablation","flipped_gari_d192l12_randominit_downstream-seqlen=131k_ablation","flipped_gari_d192l12_randominit_downstream-seqlen=131k_ablation","concat_avg_ws","concat_avg_ws","hard_label","2","100k+","True","0.3","7","0.5305790524335425"
"Flipped-GARI_random_init_131k_normal_hard_label_paper","flipped_gari_d192l12_randominit_downstream-seqlen=131k_ablation","flipped_gari_d192l12_randominit_downstream-seqlen=131k_ablation","flipped_gari_d192l12_randominit_downstream-seqlen=131k_ablation","concat_avg_ws","concat_avg_ws","hard_label","2","100k+","True","0.3","8","0.5288078106973426"
"Flipped-GARI_random_init_131k_normal_hard_label_paper","flipped_gari_d192l12_randominit_downstream-seqlen=131k_ablation","flipped_gari_d192l12_randominit_downstream-seqlen=131k_ablation","flipped_gari_d192l12_randominit_downstream-seqlen=131k_ablation","concat_avg_ws","concat_avg_ws","hard_label","2","100k+","True","0.3","9","0.5269456133044191"
"Flipped-GARI_random_init_131k_normal_hard_label_paper","flipped_gari_d192l12_randominit_downstream-seqlen=131k_ablation","flipped_gari_d192l12_randominit_downstream-seqlen=131k_ablation","flipped_gari_d192l12_randominit_downstream-seqlen=131k_ablation","concat_avg_ws","concat_avg_ws","hard_label","2","100k+","True","0.3","10","0.5295821305644517"
"Flipped-GARI_random_init_131k_normal_hard_label_paper","flipped_gari_d192l12_randominit_downstream-seqlen=131k_ablation","flipped_gari_d192l12_randominit_downstream-seqlen=131k_ablation","flipped_gari_d192l12_randominit_downstream-seqlen=131k_ablation","concat_avg_ws","concat_avg_ws","hard_label","2","100k+","True","1.0","1","0.5217384019569827"
"Flipped-GARI_random_init_131k_normal_hard_label_paper","flipped_gari_d192l12_randominit_downstream-seqlen=131k_ablation","flipped_gari_d192l12_randominit_downstream-seqlen=131k_ablation","flipped_gari_d192l12_randominit_downstream-seqlen=131k_ablation","concat_avg_ws","concat_avg_ws","hard_label","2","100k+","True","1.0","2","0.5228011469987026"
"Flipped-GARI_random_init_131k_normal_hard_label_paper","flipped_gari_d192l12_randominit_downstream-seqlen=131k_ablation","flipped_gari_d192l12_randominit_downstream-seqlen=131k_ablation","flipped_gari_d192l12_randominit_downstream-seqlen=131k_ablation","concat_avg_ws","concat_avg_ws","hard_label","2","100k+","True","1.0","3","0.5242432728717574"
"Flipped-GARI_random_init_131k_normal_hard_label_paper","flipped_gari_d192l12_randominit_downstream-seqlen=131k_ablation","flipped_gari_d192l12_randominit_downstream-seqlen=131k_ablation","flipped_gari_d192l12_randominit_downstream-seqlen=131k_ablation","concat_avg_ws","concat_avg_ws","hard_label","2","100k+","True","1.0","4","0.5195219562168192"
"Flipped-GARI_random_init_131k_normal_hard_label_paper","flipped_gari_d192l12_randominit_downstream-seqlen=131k_ablation","flipped_gari_d192l12_randominit_downstream-seqlen=131k_ablation","flipped_gari_d192l12_randominit_downstream-seqlen=131k_ablation","concat_avg_ws","concat_avg_ws","hard_label","2","100k+","True","1.0","5","0.5255944430880881"
"Flipped-GARI_random_init_131k_normal_hard_label_paper","flipped_gari_d192l12_randominit_downstream-seqlen=131k_ablation","flipped_gari_d192l12_randominit_downstream-seqlen=131k_ablation","flipped_gari_d192l12_randominit_downstream-seqlen=131k_ablation","concat_avg_ws","concat_avg_ws","hard_label","2","100k+","True","1.0","6","0.5252401947408482"
"Flipped-GARI_random_init_131k_normal_hard_label_paper","flipped_gari_d192l12_randominit_downstream-seqlen=131k_ablation","flipped_gari_d192l12_randominit_downstream-seqlen=131k_ablation","flipped_gari_d192l12_randominit_downstream-seqlen=131k_ablation","concat_avg_ws","concat_avg_ws","hard_label","2","100k+","True","1.0","7","0.521161551607761"
"Flipped-GARI_random_init_131k_normal_hard_label_paper","flipped_gari_d192l12_randominit_downstream-seqlen=131k_ablation","flipped_gari_d192l12_randominit_downstream-seqlen=131k_ablation","flipped_gari_d192l12_randominit_downstream-seqlen=131k_ablation","concat_avg_ws","concat_avg_ws","hard_label","2","100k+","True","1.0","8","0.5271023921337719"
"Flipped-GARI_random_init_131k_normal_hard_label_paper","flipped_gari_d192l12_randominit_downstream-seqlen=131k_ablation","flipped_gari_d192l12_randominit_downstream-seqlen=131k_ablation","flipped_gari_d192l12_randominit_downstream-seqlen=131k_ablation","concat_avg_ws","concat_avg_ws","hard_label","2","100k+","True","1.0","9","0.5240206708697754"
"Flipped-GARI_random_init_131k_normal_hard_label_paper","flipped_gari_d192l12_randominit_downstream-seqlen=131k_ablation","flipped_gari_d192l12_randominit_downstream-seqlen=131k_ablation","flipped_gari_d192l12_randominit_downstream-seqlen=131k_ablation","concat_avg_ws","concat_avg_ws","hard_label","2","100k+","True","1.0","10","0.5243090960443864"
"Flipped-GARI_random_init_131k_normal_hard_label_paper","flipped_gari_d192l12_randominit_downstream-seqlen=131k_ablation","flipped_gari_d192l12_randominit_downstream-seqlen=131k_ablation","flipped_gari_d192l12_randominit_downstream-seqlen=131k_ablation","concat_avg_ws","concat_avg_ws","hard_label","2","100k+","True","3.0","1","0.5114400674029288"
"Flipped-GARI_random_init_131k_normal_hard_label_paper","flipped_gari_d192l12_randominit_downstream-seqlen=131k_ablation","flipped_gari_d192l12_randominit_downstream-seqlen=131k_ablation","flipped_gari_d192l12_randominit_downstream-seqlen=131k_ablation","concat_avg_ws","concat_avg_ws","hard_label","2","100k+","True","3.0","2","0.5152961085340342"
"Flipped-GARI_random_init_131k_normal_hard_label_paper","flipped_gari_d192l12_randominit_downstream-seqlen=131k_ablation","flipped_gari_d192l12_randominit_downstream-seqlen=131k_ablation","flipped_gari_d192l12_randominit_downstream-seqlen=131k_ablation","concat_avg_ws","concat_avg_ws","hard_label","2","100k+","True","3.0","3","0.5089351964881543"
"Flipped-GARI_random_init_131k_normal_hard_label_paper","flipped_gari_d192l12_randominit_downstream-seqlen=131k_ablation","flipped_gari_d192l12_randominit_downstream-seqlen=131k_ablation","flipped_gari_d192l12_randominit_downstream-seqlen=131k_ablation","concat_avg_ws","concat_avg_ws","hard_label","2","100k+","True","3.0","4","0.5064303255733796"
"Flipped-GARI_random_init_131k_normal_hard_label_paper","flipped_gari_d192l12_randominit_downstream-seqlen=131k_ablation","flipped_gari_d192l12_randominit_downstream-seqlen=131k_ablation","flipped_gari_d192l12_randominit_downstream-seqlen=131k_ablation","concat_avg_ws","concat_avg_ws","hard_label","2","100k+","True","3.0","5","0.5143650098375723"
"Flipped-GARI_random_init_131k_normal_hard_label_paper","flipped_gari_d192l12_randominit_downstream-seqlen=131k_ablation","flipped_gari_d192l12_randominit_downstream-seqlen=131k_ablation","flipped_gari_d192l12_randominit_downstream-seqlen=131k_ablation","concat_avg_ws","concat_avg_ws","hard_label","2","100k+","True","3.0","6","0.5237418199748196"
"Flipped-GARI_random_init_131k_normal_hard_label_paper","flipped_gari_d192l12_randominit_downstream-seqlen=131k_ablation","flipped_gari_d192l12_randominit_downstream-seqlen=131k_ablation","flipped_gari_d192l12_randominit_downstream-seqlen=131k_ablation","concat_avg_ws","concat_avg_ws","hard_label","2","100k+","True","3.0","7","0.5037028526566233"
"Flipped-GARI_random_init_131k_normal_hard_label_paper","flipped_gari_d192l12_randominit_downstream-seqlen=131k_ablation","flipped_gari_d192l12_randominit_downstream-seqlen=131k_ablation","flipped_gari_d192l12_randominit_downstream-seqlen=131k_ablation","concat_avg_ws","concat_avg_ws","hard_label","2","100k+","True","3.0","8","0.5068503970932486"
"Flipped-GARI_random_init_131k_normal_hard_label_paper","flipped_gari_d192l12_randominit_downstream-seqlen=131k_ablation","flipped_gari_d192l12_randominit_downstream-seqlen=131k_ablation","flipped_gari_d192l12_randominit_downstream-seqlen=131k_ablation","concat_avg_ws","concat_avg_ws","hard_label","2","100k+","True","3.0","9","0.5082925229663033"
"Flipped-GARI_random_init_131k_normal_hard_label_paper","flipped_gari_d192l12_randominit_downstream-seqlen=131k_ablation","flipped_gari_d192l12_randominit_downstream-seqlen=131k_ablation","flipped_gari_d192l12_randominit_downstream-seqlen=131k_ablation","concat_avg_ws","concat_avg_ws","hard_label","2","100k+","True","3.0","10","0.510706438224354"
"Flipped-GARI_random_init_131k_normal_hard_label_paper","flipped_gari_d192l12_randominit_downstream-seqlen=131k_ablation","flipped_gari_d192l12_randominit_downstream-seqlen=131k_ablation","flipped_gari_d192l12_randominit_downstream-seqlen=131k_ablation","concat_avg_ws","concat_avg_ws","hard_label","2","100k+","True","5.0","1","0.5096688256667289"
"Flipped-GARI_random_init_131k_normal_hard_label_paper","flipped_gari_d192l12_randominit_downstream-seqlen=131k_ablation","flipped_gari_d192l12_randominit_downstream-seqlen=131k_ablation","flipped_gari_d192l12_randominit_downstream-seqlen=131k_ablation","concat_avg_ws","concat_avg_ws","hard_label","2","100k+","True","5.0","2","0.5112425978850417"
"Flipped-GARI_random_init_131k_normal_hard_label_paper","flipped_gari_d192l12_randominit_downstream-seqlen=131k_ablation","flipped_gari_d192l12_randominit_downstream-seqlen=131k_ablation","flipped_gari_d192l12_randominit_downstream-seqlen=131k_ablation","concat_avg_ws","concat_avg_ws","hard_label","2","100k+","True","5.0","3","0.5060353865376054"
"Flipped-GARI_random_init_131k_normal_hard_label_paper","flipped_gari_d192l12_randominit_downstream-seqlen=131k_ablation","flipped_gari_d192l12_randominit_downstream-seqlen=131k_ablation","flipped_gari_d192l12_randominit_downstream-seqlen=131k_ablation","concat_avg_ws","concat_avg_ws","hard_label","2","100k+","True","5.0","4","0.5123962985834853"
"Flipped-GARI_random_init_131k_normal_hard_label_paper","flipped_gari_d192l12_randominit_downstream-seqlen=131k_ablation","flipped_gari_d192l12_randominit_downstream-seqlen=131k_ablation","flipped_gari_d192l12_randominit_downstream-seqlen=131k_ablation","concat_avg_ws","concat_avg_ws","hard_label","2","100k+","True","5.0","5","0.5118852714068926"
"Flipped-GARI_random_init_131k_normal_hard_label_paper","flipped_gari_d192l12_randominit_downstream-seqlen=131k_ablation","flipped_gari_d192l12_randominit_downstream-seqlen=131k_ablation","flipped_gari_d192l12_randominit_downstream-seqlen=131k_ablation","concat_avg_ws","concat_avg_ws","hard_label","2","100k+","True","5.0","6","0.520396806020307"
"Flipped-GARI_random_init_131k_normal_hard_label_paper","flipped_gari_d192l12_randominit_downstream-seqlen=131k_ablation","flipped_gari_d192l12_randominit_downstream-seqlen=131k_ablation","flipped_gari_d192l12_randominit_downstream-seqlen=131k_ablation","concat_avg_ws","concat_avg_ws","hard_label","2","100k+","True","5.0","7","0.5093145773194889"
"Flipped-GARI_random_init_131k_normal_hard_label_paper","flipped_gari_d192l12_randominit_downstream-seqlen=131k_ablation","flipped_gari_d192l12_randominit_downstream-seqlen=131k_ablation","flipped_gari_d192l12_randominit_downstream-seqlen=131k_ablation","concat_avg_ws","concat_avg_ws","hard_label","2","100k+","True","5.0","8","0.5125279449287434"
"Flipped-GARI_random_init_131k_normal_hard_label_paper","flipped_gari_d192l12_randominit_downstream-seqlen=131k_ablation","flipped_gari_d192l12_randominit_downstream-seqlen=131k_ablation","flipped_gari_d192l12_randominit_downstream-seqlen=131k_ablation","concat_avg_ws","concat_avg_ws","hard_label","2","100k+","True","5.0","9","0.5101798528433216"
"Flipped-GARI_random_init_131k_normal_hard_label_paper","flipped_gari_d192l12_randominit_downstream-seqlen=131k_ablation","flipped_gari_d192l12_randominit_downstream-seqlen=131k_ablation","flipped_gari_d192l12_randominit_downstream-seqlen=131k_ablation","concat_avg_ws","concat_avg_ws","hard_label","2","100k+","True","5.0","10","0.5147443906689071"
"Flipped-GARI_random_init_131k_normal_hard_label_paper","flipped_gari_d192l12_randominit_downstream-seqlen=131k_ablation","flipped_gari_d192l12_randominit_downstream-seqlen=131k_ablation","flipped_gari_d192l12_randominit_downstream-seqlen=131k_ablation","concat_avg_ws","concat_avg_ws","hard_label","2","100k+","True","10.0","1","0.5054585361883835"
"Flipped-GARI_random_init_131k_normal_hard_label_paper","flipped_gari_d192l12_randominit_downstream-seqlen=131k_ablation","flipped_gari_d192l12_randominit_downstream-seqlen=131k_ablation","flipped_gari_d192l12_randominit_downstream-seqlen=131k_ablation","concat_avg_ws","concat_avg_ws","hard_label","2","100k+","True","10.0","2","0.5076749819285471"
"Flipped-GARI_random_init_131k_normal_hard_label_paper","flipped_gari_d192l12_randominit_downstream-seqlen=131k_ablation","flipped_gari_d192l12_randominit_downstream-seqlen=131k_ablation","flipped_gari_d192l12_randominit_downstream-seqlen=131k_ablation","concat_avg_ws","concat_avg_ws","hard_label","2","100k+","True","10.0","3","0.5154780198474818"
"Flipped-GARI_random_init_131k_normal_hard_label_paper","flipped_gari_d192l12_randominit_downstream-seqlen=131k_ablation","flipped_gari_d192l12_randominit_downstream-seqlen=131k_ablation","flipped_gari_d192l12_randominit_downstream-seqlen=131k_ablation","concat_avg_ws","concat_avg_ws","hard_label","2","100k+","True","10.0","4","0.5104682780179327"
"Flipped-GARI_random_init_131k_normal_hard_label_paper","flipped_gari_d192l12_randominit_downstream-seqlen=131k_ablation","flipped_gari_d192l12_randominit_downstream-seqlen=131k_ablation","flipped_gari_d192l12_randominit_downstream-seqlen=131k_ablation","concat_avg_ws","concat_avg_ws","hard_label","2","100k+","True","10.0","5","0.5064554580574744"
"Flipped-GARI_random_init_131k_normal_hard_label_paper","flipped_gari_d192l12_randominit_downstream-seqlen=131k_ablation","flipped_gari_d192l12_randominit_downstream-seqlen=131k_ablation","flipped_gari_d192l12_randominit_downstream-seqlen=131k_ablation","concat_avg_ws","concat_avg_ws","hard_label","2","100k+","True","10.0","6","0.5219705782386198"
"Flipped-GARI_random_init_131k_normal_hard_label_paper","flipped_gari_d192l12_randominit_downstream-seqlen=131k_ablation","flipped_gari_d192l12_randominit_downstream-seqlen=131k_ablation","flipped_gari_d192l12_randominit_downstream-seqlen=131k_ablation","concat_avg_ws","concat_avg_ws","hard_label","2","100k+","True","10.0","7","0.5099572508413399"
"Flipped-GARI_random_init_131k_normal_hard_label_paper","flipped_gari_d192l12_randominit_downstream-seqlen=131k_ablation","flipped_gari_d192l12_randominit_downstream-seqlen=131k_ablation","flipped_gari_d192l12_randominit_downstream-seqlen=131k_ablation","concat_avg_ws","concat_avg_ws","hard_label","2","100k+","True","10.0","8","0.5035053831387362"
"Flipped-GARI_random_init_131k_normal_hard_label_paper","flipped_gari_d192l12_randominit_downstream-seqlen=131k_ablation","flipped_gari_d192l12_randominit_downstream-seqlen=131k_ablation","flipped_gari_d192l12_randominit_downstream-seqlen=131k_ablation","concat_avg_ws","concat_avg_ws","hard_label","2","100k+","True","10.0","9","0.5065212812301034"
"Flipped-GARI_random_init_131k_normal_hard_label_paper","flipped_gari_d192l12_randominit_downstream-seqlen=131k_ablation","flipped_gari_d192l12_randominit_downstream-seqlen=131k_ablation","flipped_gari_d192l12_randominit_downstream-seqlen=131k_ablation","concat_avg_ws","concat_avg_ws","hard_label","2","100k+","True","10.0","10","0.5159639145399797"
"Flipped-GARI_random_init_131k_normal_hard_label_paper","flipped_gari_d192l12_randominit_downstream-seqlen=131k_ablation","flipped_gari_d192l12_randominit_downstream-seqlen=131k_ablation","flipped_gari_d192l12_randominit_downstream-seqlen=131k_ablation","concat_avg_ws","concat_avg_ws","hard_label","2","100k+","True","30.0","1","0.5120420502362453"
"Flipped-GARI_random_init_131k_normal_hard_label_paper","flipped_gari_d192l12_randominit_downstream-seqlen=131k_ablation","flipped_gari_d192l12_randominit_downstream-seqlen=131k_ablation","flipped_gari_d192l12_randominit_downstream-seqlen=131k_ablation","concat_avg_ws","concat_avg_ws","hard_label","2","100k+","True","30.0","2","0.5093145773194889"
"Flipped-GARI_random_init_131k_normal_hard_label_paper","flipped_gari_d192l12_randominit_downstream-seqlen=131k_ablation","flipped_gari_d192l12_randominit_downstream-seqlen=131k_ablation","flipped_gari_d192l12_randominit_downstream-seqlen=131k_ablation","concat_avg_ws","concat_avg_ws","hard_label","2","100k+","True","30.0","3","0.5148353463256308"
"Flipped-GARI_random_init_131k_normal_hard_label_paper","flipped_gari_d192l12_randominit_downstream-seqlen=131k_ablation","flipped_gari_d192l12_randominit_downstream-seqlen=131k_ablation","flipped_gari_d192l12_randominit_downstream-seqlen=131k_ablation","concat_avg_ws","concat_avg_ws","hard_label","2","100k+","True","30.0","4","0.5111109515397835"
"Flipped-GARI_random_init_131k_normal_hard_label_paper","flipped_gari_d192l12_randominit_downstream-seqlen=131k_ablation","flipped_gari_d192l12_randominit_downstream-seqlen=131k_ablation","flipped_gari_d192l12_randominit_downstream-seqlen=131k_ablation","concat_avg_ws","concat_avg_ws","hard_label","2","100k+","True","30.0","5","0.5077408051011763"
"Flipped-GARI_random_init_131k_normal_hard_label_paper","flipped_gari_d192l12_randominit_downstream-seqlen=131k_ablation","flipped_gari_d192l12_randominit_downstream-seqlen=131k_ablation","flipped_gari_d192l12_randominit_downstream-seqlen=131k_ablation","concat_avg_ws","concat_avg_ws","hard_label","2","100k+","True","30.0","6","0.5206852311949179"
"Flipped-GARI_random_init_131k_normal_hard_label_paper","flipped_gari_d192l12_randominit_downstream-seqlen=131k_ablation","flipped_gari_d192l12_randominit_downstream-seqlen=131k_ablation","flipped_gari_d192l12_randominit_downstream-seqlen=131k_ablation","concat_avg_ws","concat_avg_ws","hard_label","2","100k+","True","30.0","7","0.5078066282738052"
"Flipped-GARI_random_init_131k_normal_hard_label_paper","flipped_gari_d192l12_randominit_downstream-seqlen=131k_ablation","flipped_gari_d192l12_randominit_downstream-seqlen=131k_ablation","flipped_gari_d192l12_randominit_downstream-seqlen=131k_ablation","concat_avg_ws","concat_avg_ws","hard_label","2","100k+","True","30.0","8","0.5075182030991944"
"Flipped-GARI_random_init_131k_normal_hard_label_paper","flipped_gari_d192l12_randominit_downstream-seqlen=131k_ablation","flipped_gari_d192l12_randominit_downstream-seqlen=131k_ablation","flipped_gari_d192l12_randominit_downstream-seqlen=131k_ablation","concat_avg_ws","concat_avg_ws","hard_label","2","100k+","True","30.0","9","0.5102456760159507"
"Flipped-GARI_random_init_131k_normal_hard_label_paper","flipped_gari_d192l12_randominit_downstream-seqlen=131k_ablation","flipped_gari_d192l12_randominit_downstream-seqlen=131k_ablation","flipped_gari_d192l12_randominit_downstream-seqlen=131k_ablation","concat_avg_ws","concat_avg_ws","hard_label","2","100k+","True","30.0","10","0.515387064190758"
"Flipped-GARI_random_init_131k_normal_hard_label_paper","flipped_gari_d192l12_randominit_downstream-seqlen=131k_ablation","flipped_gari_d192l12_randominit_downstream-seqlen=131k_ablation","flipped_gari_d192l12_randominit_downstream-seqlen=131k_ablation","concat_avg_ws","concat_avg_ws","hard_label","2","100k+","True","100.0","1","0.5143494516331327"
"Flipped-GARI_random_init_131k_normal_hard_label_paper","flipped_gari_d192l12_randominit_downstream-seqlen=131k_ablation","flipped_gari_d192l12_randominit_downstream-seqlen=131k_ablation","flipped_gari_d192l12_randominit_downstream-seqlen=131k_ablation","concat_avg_ws","concat_avg_ws","hard_label","2","100k+","True","100.0","2","0.508960328972249"
"Flipped-GARI_random_init_131k_normal_hard_label_paper","flipped_gari_d192l12_randominit_downstream-seqlen=131k_ablation","flipped_gari_d192l12_randominit_downstream-seqlen=131k_ablation","flipped_gari_d192l12_randominit_downstream-seqlen=131k_ablation","concat_avg_ws","concat_avg_ws","hard_label","2","100k+","True","100.0","3","0.5154121966748526"
"Flipped-GARI_random_init_131k_normal_hard_label_paper","flipped_gari_d192l12_randominit_downstream-seqlen=131k_ablation","flipped_gari_d192l12_randominit_downstream-seqlen=131k_ablation","flipped_gari_d192l12_randominit_downstream-seqlen=131k_ablation","concat_avg_ws","concat_avg_ws","hard_label","2","100k+","True","100.0","4","0.5091829309742308"
"Flipped-GARI_random_init_131k_normal_hard_label_paper","flipped_gari_d192l12_randominit_downstream-seqlen=131k_ablation","flipped_gari_d192l12_randominit_downstream-seqlen=131k_ablation","flipped_gari_d192l12_randominit_downstream-seqlen=131k_ablation","concat_avg_ws","concat_avg_ws","hard_label","2","100k+","True","100.0","5","0.507963407103158"
"Flipped-GARI_random_init_131k_normal_hard_label_paper","flipped_gari_d192l12_randominit_downstream-seqlen=131k_ablation","flipped_gari_d192l12_randominit_downstream-seqlen=131k_ablation","flipped_gari_d192l12_randominit_downstream-seqlen=131k_ablation","concat_avg_ws","concat_avg_ws","hard_label","2","100k+","True","100.0","6","0.5184029622821253"
"Flipped-GARI_random_init_131k_normal_hard_label_paper","flipped_gari_d192l12_randominit_downstream-seqlen=131k_ablation","flipped_gari_d192l12_randominit_downstream-seqlen=131k_ablation","flipped_gari_d192l12_randominit_downstream-seqlen=131k_ablation","concat_avg_ws","concat_avg_ws","hard_label","2","100k+","True","100.0","7","0.5080292302757872"
"Flipped-GARI_random_init_131k_normal_hard_label_paper","flipped_gari_d192l12_randominit_downstream-seqlen=131k_ablation","flipped_gari_d192l12_randominit_downstream-seqlen=131k_ablation","flipped_gari_d192l12_randominit_downstream-seqlen=131k_ablation","concat_avg_ws","concat_avg_ws","hard_label","2","100k+","True","100.0","8","0.5133273972799471"
"Flipped-GARI_random_init_131k_normal_hard_label_paper","flipped_gari_d192l12_randominit_downstream-seqlen=131k_ablation","flipped_gari_d192l12_randominit_downstream-seqlen=131k_ablation","flipped_gari_d192l12_randominit_downstream-seqlen=131k_ablation","concat_avg_ws","concat_avg_ws","hard_label","2","100k+","True","100.0","9","0.5121988290655981"
"Flipped-GARI_random_init_131k_normal_hard_label_paper","flipped_gari_d192l12_randominit_downstream-seqlen=131k_ablation","flipped_gari_d192l12_randominit_downstream-seqlen=131k_ablation","flipped_gari_d192l12_randominit_downstream-seqlen=131k_ablation","concat_avg_ws","concat_avg_ws","hard_label","2","100k+","True","100.0","10","0.5070981315793254"
