model,evaluation_view,near_mean,near_sd,mid_mean,mid_sd,distal_mean,distal_sd,macro_auroc,n_subsets,score_mode
Flipped-GARI,original_order,0.6564,0.0051,0.6286,0.0342,0.6406,0.0032,0.6419,10,hard_label
Flipped-GARI,sequence_reversed,0.6273,0.0103,0.5792,0.0179,0.5414,0.0040,0.5826,10,hard_label
Caduceus-PS,original_order,0.6732,0.0047,0.5880,0.0193,0.5722,0.0122,0.6111,10,hard_label
Caduceus-PS,sequence_reversed,0.5306,0.0231,0.5478,0.0154,0.5349,0.0051,0.5378,10,hard_label
Caduceus-PH,original_order,0.6728,0.0069,0.6331,0.0198,0.5625,0.0097,0.6228,10,hard_label
Caduceus-PH,sequence_reversed,0.5945,0.0459,0.5639,0.0102,0.5429,0.0208,0.5671,10,hard_label
HyenaDNA,original_order,0.6725,0.0048,0.6019,0.0050,0.6038,0.0146,0.6260,10,hard_label
HyenaDNA,sequence_reversed,0.5422,0.0493,0.5452,0.0175,0.5647,0.0039,0.5507,10,hard_label
JanusDNA,original_order,0.6835,0.0023,0.6223,0.0140,0.5662,0.0118,0.6240,10,hard_label
JanusDNA,sequence_reversed,0.5718,0.0258,0.5041,0.0086,0.5000,0.0000,0.5253,10,hard_label
