"model","profile","task","task_display","seed","evaluation_view","metric","value"
"Flipped-GARI","fixed_lr1e3_batch64","demo_coding_vs_intergenomic_seqs","Coding vs intergenic","1","original_order","global_accuracy","0.90888"
"Flipped-GARI","fixed_lr1e3_batch64","demo_coding_vs_intergenomic_seqs","Coding vs intergenic","1","sequence_reversed","global_accuracy","0.71156"
"Flipped-GARI","fixed_lr1e3_batch64","demo_coding_vs_intergenomic_seqs","Coding vs intergenic","2","original_order","global_accuracy","0.90428"
"Flipped-GARI","fixed_lr1e3_batch64","demo_coding_vs_intergenomic_seqs","Coding vs intergenic","2","sequence_reversed","global_accuracy","0.71276"
"Flipped-GARI","fixed_lr1e3_batch64","demo_coding_vs_intergenomic_seqs","Coding vs intergenic","3","original_order","global_accuracy","0.9086"
"Flipped-GARI","fixed_lr1e3_batch64","demo_coding_vs_intergenomic_seqs","Coding vs intergenic","3","sequence_reversed","global_accuracy","0.72124"
"Flipped-GARI","fixed_lr1e3_batch64","demo_coding_vs_intergenomic_seqs","Coding vs intergenic","4","original_order","global_accuracy","0.9084"
"Flipped-GARI","fixed_lr1e3_batch64","demo_coding_vs_intergenomic_seqs","Coding vs intergenic","4","sequence_reversed","global_accuracy","0.7326"
"Flipped-GARI","fixed_lr1e3_batch64","demo_coding_vs_intergenomic_seqs","Coding vs intergenic","5","original_order","global_accuracy","0.9072"
"Flipped-GARI","fixed_lr1e3_batch64","demo_coding_vs_intergenomic_seqs","Coding vs intergenic","5","sequence_reversed","global_accuracy","0.73832"
"Flipped-GARI","fixed_lr1e3_batch64","demo_human_or_worm","Human vs worm","1","original_order","global_accuracy","0.96312"
"Flipped-GARI","fixed_lr1e3_batch64","demo_human_or_worm","Human vs worm","1","sequence_reversed","global_accuracy","0.51824"
"Flipped-GARI","fixed_lr1e3_batch64","demo_human_or_worm","Human vs worm","2","original_order","global_accuracy","0.96436"
"Flipped-GARI","fixed_lr1e3_batch64","demo_human_or_worm","Human vs worm","2","sequence_reversed","global_accuracy","0.53456"
"Flipped-GARI","fixed_lr1e3_batch64","demo_human_or_worm","Human vs worm","3","original_order","global_accuracy","0.9634"
"Flipped-GARI","fixed_lr1e3_batch64","demo_human_or_worm","Human vs worm","3","sequence_reversed","global_accuracy","0.53268"
"Flipped-GARI","fixed_lr1e3_batch64","demo_human_or_worm","Human vs worm","4","original_order","global_accuracy","0.96268"
"Flipped-GARI","fixed_lr1e3_batch64","demo_human_or_worm","Human vs worm","4","sequence_reversed","global_accuracy","0.53616"
"Flipped-GARI","fixed_lr1e3_batch64","demo_human_or_worm","Human vs worm","5","original_order","global_accuracy","0.96472"
"Flipped-GARI","fixed_lr1e3_batch64","demo_human_or_worm","Human vs worm","5","sequence_reversed","global_accuracy","0.53416"
"Flipped-GARI","fixed_lr1e3_batch64","dummy_mouse_enhancers_ensembl","Mouse enhancers","1","original_order","global_accuracy","0.8223140495867769"
"Flipped-GARI","fixed_lr1e3_batch64","dummy_mouse_enhancers_ensembl","Mouse enhancers","1","sequence_reversed","global_accuracy","0.8181818181818182"
"Flipped-GARI","fixed_lr1e3_batch64","dummy_mouse_enhancers_ensembl","Mouse enhancers","2","original_order","global_accuracy","0.7644628099173554"
"Flipped-GARI","fixed_lr1e3_batch64","dummy_mouse_enhancers_ensembl","Mouse enhancers","2","sequence_reversed","global_accuracy","0.756198347107438"
"Flipped-GARI","fixed_lr1e3_batch64","dummy_mouse_enhancers_ensembl","Mouse enhancers","3","original_order","global_accuracy","0.7851239669421488"
"Flipped-GARI","fixed_lr1e3_batch64","dummy_mouse_enhancers_ensembl","Mouse enhancers","3","sequence_reversed","global_accuracy","0.731404958677686"
"Flipped-GARI","fixed_lr1e3_batch64","dummy_mouse_enhancers_ensembl","Mouse enhancers","4","original_order","global_accuracy","0.7975206611570248"
"Flipped-GARI","fixed_lr1e3_batch64","dummy_mouse_enhancers_ensembl","Mouse enhancers","4","sequence_reversed","global_accuracy","0.7396694214876033"
"Flipped-GARI","fixed_lr1e3_batch64","dummy_mouse_enhancers_ensembl","Mouse enhancers","5","original_order","global_accuracy","0.8181818181818182"
"Flipped-GARI","fixed_lr1e3_batch64","dummy_mouse_enhancers_ensembl","Mouse enhancers","5","sequence_reversed","global_accuracy","0.7892561983471075"
"Flipped-GARI","fixed_lr1e3_batch64","human_enhancers_cohn","Human enhancers Cohn","1","original_order","global_accuracy","0.7229418537708693"
"Flipped-GARI","fixed_lr1e3_batch64","human_enhancers_cohn","Human enhancers Cohn","1","sequence_reversed","global_accuracy","0.5533966609096143"
"Flipped-GARI","fixed_lr1e3_batch64","human_enhancers_cohn","Human enhancers Cohn","2","original_order","global_accuracy","0.72524467472654"
"Flipped-GARI","fixed_lr1e3_batch64","human_enhancers_cohn","Human enhancers Cohn","2","sequence_reversed","global_accuracy","0.5736902705814623"
"Flipped-GARI","fixed_lr1e3_batch64","human_enhancers_cohn","Human enhancers Cohn","3","original_order","global_accuracy","0.7351755900978699"
"Flipped-GARI","fixed_lr1e3_batch64","human_enhancers_cohn","Human enhancers Cohn","3","sequence_reversed","global_accuracy","0.6088082901554405"
"Flipped-GARI","fixed_lr1e3_batch64","human_enhancers_cohn","Human enhancers Cohn","4","original_order","global_accuracy","0.7337363270005757"
"Flipped-GARI","fixed_lr1e3_batch64","human_enhancers_cohn","Human enhancers Cohn","4","sequence_reversed","global_accuracy","0.5860679332181923"
"Flipped-GARI","fixed_lr1e3_batch64","human_enhancers_cohn","Human enhancers Cohn","5","original_order","global_accuracy","0.7302820955670697"
"Flipped-GARI","fixed_lr1e3_batch64","human_enhancers_cohn","Human enhancers Cohn","5","sequence_reversed","global_accuracy","0.5798791018998273"
"Flipped-GARI","fixed_lr1e3_batch64","human_enhancers_ensembl","Human enhancers Ensembl","1","original_order","global_accuracy","0.870261543429125"
"Flipped-GARI","fixed_lr1e3_batch64","human_enhancers_ensembl","Human enhancers Ensembl","1","sequence_reversed","global_accuracy","0.48895705521472393"
"Flipped-GARI","fixed_lr1e3_batch64","human_enhancers_ensembl","Human enhancers Ensembl","2","original_order","global_accuracy","0.8720051662899581"
"Flipped-GARI","fixed_lr1e3_batch64","human_enhancers_ensembl","Human enhancers Ensembl","2","sequence_reversed","global_accuracy","0.4661608007749435"
"Flipped-GARI","fixed_lr1e3_batch64","human_enhancers_ensembl","Human enhancers Ensembl","3","original_order","global_accuracy","0.8664836938973199"
"Flipped-GARI","fixed_lr1e3_batch64","human_enhancers_ensembl","Human enhancers Ensembl","3","sequence_reversed","global_accuracy","0.4656764610913788"
"Flipped-GARI","fixed_lr1e3_batch64","human_enhancers_ensembl","Human enhancers Ensembl","4","original_order","global_accuracy","0.8662899580238941"
"Flipped-GARI","fixed_lr1e3_batch64","human_enhancers_ensembl","Human enhancers Ensembl","4","sequence_reversed","global_accuracy","0.47378107846302875"
"Flipped-GARI","fixed_lr1e3_batch64","human_enhancers_ensembl","Human enhancers Ensembl","5","original_order","global_accuracy","0.8654504359057152"
"Flipped-GARI","fixed_lr1e3_batch64","human_enhancers_ensembl","Human enhancers Ensembl","5","sequence_reversed","global_accuracy","0.47051985792702616"
"Flipped-GARI","fixed_lr1e3_batch64","human_ensembl_regulatory","Human Ensembl regulatory","1","original_order","global_accuracy","0.8771507286053403"
"Flipped-GARI","fixed_lr1e3_batch64","human_ensembl_regulatory","Human Ensembl regulatory","1","sequence_reversed","global_accuracy","0.7489647046592622"
"Flipped-GARI","fixed_lr1e3_batch64","human_ensembl_regulatory","Human Ensembl regulatory","2","original_order","global_accuracy","0.8764749709770763"
"Flipped-GARI","fixed_lr1e3_batch64","human_ensembl_regulatory","Human Ensembl regulatory","2","sequence_reversed","global_accuracy","0.7413407724429505"
"Flipped-GARI","fixed_lr1e3_batch64","human_ensembl_regulatory","Human Ensembl regulatory","3","original_order","global_accuracy","0.8773586540294215"
"Flipped-GARI","fixed_lr1e3_batch64","human_ensembl_regulatory","Human Ensembl regulatory","3","sequence_reversed","global_accuracy","0.7549945419576178"
"Flipped-GARI","fixed_lr1e3_batch64","human_ensembl_regulatory","Human Ensembl regulatory","4","original_order","global_accuracy","0.8738239218200405"
"Flipped-GARI","fixed_lr1e3_batch64","human_ensembl_regulatory","Human Ensembl regulatory","4","sequence_reversed","global_accuracy","0.7383778351497929"
"Flipped-GARI","fixed_lr1e3_batch64","human_ensembl_regulatory","Human Ensembl regulatory","5","original_order","global_accuracy","0.8767348777571777"
"Flipped-GARI","fixed_lr1e3_batch64","human_ensembl_regulatory","Human Ensembl regulatory","5","sequence_reversed","global_accuracy","0.7555663368738412"
"Flipped-GARI","fixed_lr1e3_batch64","human_nontata_promoters","Human non-TATA promoters","1","original_order","global_accuracy","0.9191941554128846"
"Flipped-GARI","fixed_lr1e3_batch64","human_nontata_promoters","Human non-TATA promoters","1","sequence_reversed","global_accuracy","0.6001771087004649"
"Flipped-GARI","fixed_lr1e3_batch64","human_nontata_promoters","Human non-TATA promoters","2","original_order","global_accuracy","0.9069072393181316"
"Flipped-GARI","fixed_lr1e3_batch64","human_nontata_promoters","Human non-TATA promoters","2","sequence_reversed","global_accuracy","0.6425725038742528"
"Flipped-GARI","fixed_lr1e3_batch64","human_nontata_promoters","Human non-TATA promoters","3","original_order","global_accuracy","0.9067965463803409"
"Flipped-GARI","fixed_lr1e3_batch64","human_nontata_promoters","Human non-TATA promoters","3","sequence_reversed","global_accuracy","0.6176665928713748"
"Flipped-GARI","fixed_lr1e3_batch64","human_nontata_promoters","Human non-TATA promoters","4","original_order","global_accuracy","0.8952844808501218"
"Flipped-GARI","fixed_lr1e3_batch64","human_nontata_promoters","Human non-TATA promoters","4","sequence_reversed","global_accuracy","0.6143458047376578"
"Flipped-GARI","fixed_lr1e3_batch64","human_nontata_promoters","Human non-TATA promoters","5","original_order","global_accuracy","0.9155412884657959"
"Flipped-GARI","fixed_lr1e3_batch64","human_nontata_promoters","Human non-TATA promoters","5","sequence_reversed","global_accuracy","0.6133495682975426"
"Flipped-GARI","fixed_lr1e3_batch64","human_ocr_ensembl","Human OCR Ensembl","1","original_order","global_accuracy","0.7853341725795376"
"Flipped-GARI","fixed_lr1e3_batch64","human_ocr_ensembl","Human OCR Ensembl","1","sequence_reversed","global_accuracy","0.5188258182650493"
"Flipped-GARI","fixed_lr1e3_batch64","human_ocr_ensembl","Human OCR Ensembl","2","original_order","global_accuracy","0.7820725566491188"
"Flipped-GARI","fixed_lr1e3_batch64","human_ocr_ensembl","Human OCR Ensembl","2","sequence_reversed","global_accuracy","0.5152494850080109"
"Flipped-GARI","fixed_lr1e3_batch64","human_ocr_ensembl","Human OCR Ensembl","3","original_order","global_accuracy","0.7834172579537652"
"Flipped-GARI","fixed_lr1e3_batch64","human_ocr_ensembl","Human OCR Ensembl","3","sequence_reversed","global_accuracy","0.5303845273517968"
"Flipped-GARI","fixed_lr1e3_batch64","human_ocr_ensembl","Human OCR Ensembl","4","original_order","global_accuracy","0.7833028152895399"
"Flipped-GARI","fixed_lr1e3_batch64","human_ocr_ensembl","Human OCR Ensembl","4","sequence_reversed","global_accuracy","0.5273517967498283"
"Flipped-GARI","fixed_lr1e3_batch64","human_ocr_ensembl","Human OCR Ensembl","5","original_order","global_accuracy","0.7890249485008011"
"Flipped-GARI","fixed_lr1e3_batch64","human_ocr_ensembl","Human OCR Ensembl","5","sequence_reversed","global_accuracy","0.5176241702906844"
