model,evaluation_view,ME,CvI,HvW,HE-C,HE-E,Reg,Non-TATA,OCR,average
Flipped-GARI,original_order,0.7975,0.9096,0.9637,0.7323,0.8921,0.8800,0.9132,0.7978,0.8608
Flipped-GARI,sequence_reversed,0.7669,0.7233,0.5312,0.5804,0.4929,0.7478,0.6176,0.5219,0.6228
Caduceus-PS,original_order,0.7876,0.9083,0.9690,0.7429,0.9006,0.7894,0.9405,0.8175,0.8570
Caduceus-PS,sequence_reversed,0.6876,0.6965,0.5444,0.5883,0.4900,0.6653,0.6148,0.5279,0.6018
Caduceus-PH,original_order,0.7645,0.9135,0.9727,0.7491,0.8920,0.7205,0.9404,0.8329,0.8482
Caduceus-PH,sequence_reversed,0.7736,0.6915,0.5595,0.5783,0.4919,0.5950,0.6139,0.5245,0.6035
HyenaDNA,original_order,0.7752,0.9029,0.9607,0.7196,0.8471,0.8686,0.9441,0.7690,0.8484
HyenaDNA,sequence_reversed,0.7372,0.7156,0.5400,0.5915,0.5141,0.7470,0.6014,0.5349,0.6227
JanusDNA,original_order,0.7719,0.9125,0.9707,0.7405,0.8922,0.8756,0.9547,0.8211,0.8674
JanusDNA,sequence_reversed,0.7744,0.7064,0.5591,0.6036,0.4929,0.7305,0.5876,0.5262,0.6226
